:020000040800F2
:10000000B8BC0024A50300080FAD0008059B00083C
:100010000DAD00081114000805ED000800000000F7
:10002000000000000000000000000000E5020008E1
:10003000112400080000000041030008D9BA00089C
:10004000BF030008BF030008BF030008BF03000888
:10005000BF030008BF030008BF030008BF03000878
:10006000BF030008BF030008BF030008851D000888
:10007000911D00089D1D0008A91D0008B51D000860
:10008000BF030008BF030008BF0300086125000884
:10009000CD250008BF030008BF030008BF03000808
:1000A000BF030008BF030008BF030008BF03000828
:1000B00061BC0008BF030008BF030008BF030008BD
:1000C000BF030008BF030008BF030008BF03000808
:1000D00089B90008BF030008BF030008BF03000878
:1000E000BF030008BF03000800000000BF030008B2
:1000F000BF030008BF030008BF030008BF030008D8
:10010000BF030008BF030008BF030008BF030008C7
:10011000BF030008E9C00008BF030008BF030008D0
:10012000BF030008BF030008BF030008BF030008A7
:10013000BF030008BF030008BF030008BF03000897
:1001400000000000000000000000000000000000AF
:10015000BF030008BF030008BF030008BF03000877
:10016000BF030008BF030008BF030008BF03000867
:10017000BF03000819AD0008BF030008000000001D
:10018000BF030008BF030008BF030008BF03000847
:10019000BF030008BF030008BF030008BF03000837
:1001A000BF030008BF030008BF03000800000000F1
:1001B000BF030008BF030008BF030008BF03000817
:1001C000BF030008BF03000800000000000000009B
:1001D0000000000000000000BF0300080000000055
:1001E000000000000000000000000000000000000F
:1001F0000000000000000000BF030008BF0300086B
:10020000BF030008BF03000800000000BF03000890
:10021000BF030008BF030008BF030008BF030008B6
:10022000BF03000800000000BF030008000000003A
:10023000BF030008BF03000800000000BF03000860
:10024000BF030008BF030008BF030008BF03000886
:10025000BF030008BF030008BF030008BF03000876
:10026000BF030008BF030008BF030008BF03000866
:10027000BF030008BF030008BF0300080000000020
:10028000BF030008BF030008BF030008BF03000846
:1002900000000000BF030008BF03000800000000CA
:1002A00000000000BF030008BF030008BF030008F0
:1002B000BF030008BF030008BF030008D9250008DA
:1002C000BF030008BF030008BF030008DFF810D019
:1002D00000F00EF900480047D10C0108AFF3008090
:1002E000B8BC00242C4B19680868B0E8F04F80F3C4
:1002F0000988BFF36F8F4FF0000080F311887047BB
:100300000000000008480068006880F308884FF08B
:10031000000080F3148862B661B6BFF34F8FBFF35D
:100320006F8F00DF00BF00BF08ED00E0DFF80C00BA
:10033000016841F470010160704700BF88ED00E082
:10034000EFF30980BFF36F8F134B1A681EF0100F85
:1003500008BF20ED108A20E9F04F106009B44FF07B
:10036000500080F31188BFF34F8FBFF36F8F11F0F0
:1003700081FA4FF0000080F3118809BC1968086801
:10038000B0E8F04F1EF0100F08BFB0EC108A80F3F9
:100390000988BFF36F8F7047A0000024EFF305803A
:1003A000704700000648804706480047FEE7FEE722
:1003B000FEE7FEE7FEE7FEE7FEE7FEE7FEE7FEE715
:1003C000A1BB0008CD0200082DE9F05F0546002022
:1003D00092469B4688460646814640241BE02846B6
:1003E00041464746224600F072F853465A46C01A24
:1003F000914110D311461846224600F059F82D1AA3
:1004000067EB01084F4622460120002100F050F81A
:1004100017EB00094E41201EA4F10104DFDC484621
:1004200031462A464346BDE8F09F10B5431A934231
:1004300009D28318881803E010F8011D03F8011D84
:10044000521EF9D210BD40EA01039B0703D009E018
:1004500008C9121F08C0042AFAD203E011F8013BB0
:1004600000F8013B521EF9D210BDD2B201E000F8F3
:10047000012B491EFBD270470022F6E710B5134648
:100480000A4604461946FFF7F0FF204610BDCAB2DF
:10049000401E10F8011F8A4202D00029F9D1002025
:1004A0007047421C10F8011B0029FBD1801A7047CD
:1004B000202A04DB203A00FA02F100207047914024
:1004C000C2F1200320FA03F3194390407047202A19
:1004D00004DB203A21FA02F00021704721FA02F3EE
:1004E000D040C2F1200291400843194670470000F5
:1004F000064C074D06E0E06840F0010394E8070071
:1005000098471034AC42F6D3FFF7E4FE68260108A2
:100510008826010870B58C1810F8015B15F00703E8
:1005200001D110F8013B2A1106D110F8012B03E08C
:1005300010F8016B01F8016B5B1EF9D12B0705D494
:100540000023521E0DD401F8013BFAE710F8013BDD
:10055000CB1A921C03E013F8015B01F8015B521EF9
:10056000F9D5A142D8D3002070BD00009FED201A1C
:10057000B5EE002A00EE012A9FED1E1ABDEEC20A5A
:10058000B5EEC02AF1EE10FA10EE100AB8BF01382D
:1005900000EE100A0020B8EEC00A32EE400A9FEDCD
:1005A000162A20EE010ABCEEC01A11EE101A30EE27
:1005B000021AB0EB512F18BF002102EE101A41F6BB
:1005C000646000FE010AC0F60100B8EE422A00EBAA
:1005D000810090ED011A30EE420AB7EE002A32EEA9
:1005E000402A20EE010A90ED001A02EE010A70473F
:1005F00083F9223E00000044000000C4B0B5038827
:100600000D88AB4256D145884C88A54252D11488FA
:10061000A3424FD15488A5424CD105FB03FC43684B
:1006200000254968B5EB9C0F506831D04FEA9C0219
:10063000524200BF93ED000A91ED001A30EE010A1C
:1006400003F1100E01F1100400F1100580ED000A15
:10065000013293ED010A91ED011A30EE010A80EDAD
:10066000010A93ED020A91ED021A30EE010A80EDC3
:10067000020A93ED030A91ED031A30EE010A734664
:10068000214680ED030A2846D4D1214628467346E8
:100690001CF003020CD05242B3EC010AB1EC011A77
:1006A00030EE010A051D013280ED000A2846F3D123
:1006B000002000E0FD2040B2B0BD018042804360D8
:1006C000704700002DE9F04F8BB0B0F800B0B0F8E3
:1006D00002E0F34540F051810B88FD229B4540F03C
:1006E0004D814F88BB4240F04981BBF1000F436808
:1006F00000F029816FF003004C6800EB8B08CDF807
:100700001CE0002700934FF07E5906945E46204679
:10071000BBEB060009D0B9002046FFF7ADFE002074
:100720000130874204F10404FAD104F1040AC4F848
:100730000090751E10D0A8EB87015046FFF79CFE75
:10074000012054460130864204F10404FAD1002D00
:1007500007F101072E46DBD1BBF1000F009BDDF84E
:100760001CE000F0F0800420CDF814B000EB8E0007
:1007700001901846ABF1010603EB8E044FEA8E029E
:100780001D1DCEF10001002308919FED800A7746E0
:10079000814600BF5B4580F0F58003FB0EF0B0EEB4
:1007A000403A09EB80010A9191ED001A0699B0EEEA
:1007B000414A01EB800009902146304606E000BF27
:1007C00091ED004A0138B0EE423A1144B5EEC04A0C
:1007D000F1EE10FA0ADDB4EEC34AB0EE442AF1EEAF
:1007E00010FAD8BFB0EE432A09E000BFB1EE442AA8
:1007F000B4EEC23AF1EE10FA01DBB0EE432A002863
:10080000DED1B5EE402AF1EE10FA00F0BB80B0EE7A
:10081000C13AB4EE423AF1EE10FA1CBFD84310EBE5
:100820000B0004D0002000BF01308642FCD1B5EEA1
:10083000401AF1EE10FA00F0A580CDE90346AEEBC8
:10084000030C0A99BCF1010F4FF07E5008600AD0EA
:100850000120294691ED002A82EE012A01308742CB
:10086000A1EC012AF6D1DDE9080100BF91ED002AD3
:1008700082EE012A0C1D013081ED002A2146F5D1BE
:10088000ACF1010B05994FF00008DDF818A04846BF
:10089000CDF80890984505D100EB8C060AEB8E0A3E
:1008A00033E000BF90ED001A0A9CB0EE413ABBF174
:1008B000000F94ED002A01EE423A00F1040680EDAB
:1008C000003A15D00120002406EB040905EB040EC4
:1008D00099ED002A9EED003A01EE432A013087424D
:1008E00004F1040489ED002AEED12644DDF81CE071
:1008F000DDE908049AED002A94ED003A01EE432A5E
:1009000004340130AAEC012AF4D106EB830001394A
:1009100008F10108BED1DDF80890013F049E09F1FD
:100920000409039C03F101030198A6F101060444A4
:10093000DDF814B005447FF42DAFB5EE401A009BEE
:10094000F1EE10FA20D10EFB0BF1002000294FF040
:1009500000020BD093ED000AB5EE400AF1EE10FA5A
:1009600004D101328A4203F10403F3D38A4208BF5F
:100970006FF004000BB0BDE8F08FFD2250B20BB059
:10098000BDE8F08FFB22F9E70022F7E70000000046
:100990002DE9F04F88B0B0F802C00B889C4540F0BC
:1009A0008880B0F800E013889E4540F08280B1F85E
:1009B0000290538899457CD14FEA9C04476804FB18
:1009C00009F049680CF00305029101EB0010019059
:1009D00000202CF00303A0EB9C0107EB830607919A
:1009E0004FEA89035168C5F1000A00919FED330A6F
:1009F000CDE9039CCDE9050E0099CE4601EB8008B8
:100A0000DDE901BC002CB0EE401AE146384627D0A3
:100A1000624607993846B0EE401A00BF92ED002AB0
:100A200090ED003A03EE021A1A4490ED014A92ED5D
:100A3000002A04EE021A1A4490ED025A92ED002A9E
:100A400005EE021A1A4490ED036A92ED002A06EEB2
:100A5000021A013100F110001A44DFD1D9463046A4
:100A600055B1514690ED002A99ED003A02EE031A75
:100A7000043001319944F5D108F1040088ED001AE1
:100A8000BEF1010E0CF1040C0BF1040B8046B9D140
:100A9000DDF80C900598DDF810C04844DDF818E04A
:100AA00007EB8C07BEF1010E06EB8C06A2D10020ED
:100AB00000E0FD2040B208B0BDE8F08F000000006B
:100AC000B0B503880D88AB4256D145884C88A54205
:100AD00052D11488A3424FD15488A5424CD105FB72
:100AE00003FC436800254968B5EB9C0F506831D082
:100AF0004FEA9C02524200BF93ED000A91ED001AAA
:100B000030EE410A03F1100E01F1100400F110055E
:100B100080ED000A013293ED010A91ED011A30EEE9
:100B2000410A80ED010A93ED020A91ED021A30EEBE
:100B3000410A80ED020A93ED030A91ED031A30EEAB
:100B4000410A7346214680ED030A2846D4D1214646
:100B5000284673461CF003020CD05242B3EC010A43
:100B6000B1EC011A30EE410A051D013280ED000A98
:100B70002846F3D1002000E0FD2040B2B0BD0000C7
:100B80002DE9F04F83B002884B889A424DD14488BA
:100B90000B889C4249D10023D1F804804FEA940C81
:100BA000416804F0030ECDF80080A3EB9404029496
:100BB000140196000194CEF1000B4046BCF1000FE9
:100BC0001ED04746029C00BF08683D463860374447
:100BD000486807EB0609A85101F11000D1F808A0F8
:100BE000013447F806A009EB0607C968374449F8FD
:100BF00006100146E8D101996C18014603E000BFD8
:100C0000009800EB8304BEF1000F07D05D4600BFE3
:100C100051F8040B013520603444F9D10133013A15
:100C200008F10408CAD1002000E0FD2040B203B062
:100C3000BDE8F08F9FED1F1A20EE010A9FED1F2ADD
:100C4000BDEEC01AB5EEC00AF1EE10FA11EE100AB0
:100C5000B8BF013801EE100A0020B8EEC11A30EE1C
:100C6000410A9FED151A20EE010ABCEEC01A11EEE2
:100C7000101A30EE021AB0EB512F18BF002102EE0D
:100C8000101A41F6646000FE010AC0F60100B8EED9
:100C9000422A00EB810090ED011A30EE420AB7EED5
:100CA000002A32EE402A20EE010A90ED001A02EEF0
:100CB000010A704783F9223E00000044000000C48E
:100CC00010B5044636492068884202D0354A904221
:100CD00005D1D1F8080310F4403F05D117E03248A0
:100CE000006810F4403F12D006F08AFE6168B1F54A
:100CF000803F06D0B1F5003F03D0B1F5403F28D189
:100D000003E0090CB0FBF1F023E0800821E00021B2
:100D10004FF4002005F09CFD61688A03920B18D106
:100D20008A140C2A15D2DFE802F01406060606061D
:100D3000060B0D0F1113890C4900B0FBF1F008E010
:100D4000000906E0400904E0800902E0C00900E073
:100D5000000A40081549884205D82068816821F4B6
:100D60004071816010BD1249884207D820688168AF
:100D700021F4407141F48071816010BD0D498842B9
:100D800007D82068816821F4407141F400718160C6
:100D900010BD2068816841F44071816010BD000081
:100DA000002002400021024008630258105E5F00EC
:100DB00020BCBE0040787D0110B5846B216E11F01F
:100DC000500F06D0216EC90630D5204602F004F936
:100DD00010BD206E40F4007020662068016809078D
:100DE00012D509F0DFFBE8B12068C068800419D48F
:100DF000206E20F480702066206EC00412D4206E15
:100E000040F0010020660DE0C06880070AD1206E26
:100E100020F480702066206EC00403D4206E40F061
:100E200001002066204602F0D5F810BDA16DC96C06
:100E3000BDE81040084710B5806B016E41F04001DD
:100E40000166416E41F00401416602F0C5F810BD33
:100E500010B5806B02F0BFF810BD000070B50446FD
:100E600020688168C1F3400509F090FB78B375BB39
:100E70002068816801F00D01012909D0206E40F041
:100E800010002066606E40F001006066012070BDB9
:100E90008168124A1140891C816021680320086022
:100EA00004F0FCFB054613E004F0F8FB401B0228AD
:100EB0000ED920688068C0070AD0206E40F010006C
:100EC0002066606E40F001006066012070BD03E0A6
:100ED00020688068C007E7D10020F7E7C0FFFF7FE8
:100EE00070B50446206809F051FB50BB206881684A
:100EF000264A114209D0206E40F010002066606E34
:100F000040F001006066012070BD81681F4E7F3E89
:100F10003140491C816004F0C1FB05461C49206832
:100F20001C4B884201D0984201D11B4A00E01B4A69
:100F3000926802F01F02984200D0014681421DD003
:100F4000E2B120E009F022FB20B92068816831403D
:100F5000491C816004F0A2FB401B02280ED92068C6
:100F60000068C043C00709D0206E40F01000206622
:100F7000606E40F001006066012070BD206801686D
:100F8000C943C907DED1002070BD00003F000080CA
:100F9000002002400021024000230240006302586A
:100FA00001220248114604F071BB000000080258FB
:100FB00000220248012104F069BB00000008025829
:100FC00001220248082104F061BB00000008025819
:100FD00000220248082104F059BB00000008025812
:100FE00070B50446FFF7E4FF922000F081F98549CF
:100FF0000622122000F05EF9FFF7D2FF814E814DEC
:101000001C3EF078C0B368782978000200B208432B
:1010100000EE100A96ED031AD4ED0C0AB8EEC00AE1
:1010200020EE011A94ED080A51EE000AC4ED000A00
:10103000E878A978000200B2084300EE900A94ED27
:101040000D1AF8EEE01AD6ED030A61EEA01A11EEC1
:10105000801A84ED011A68792979000200B20843E8
:10106000708101EE100AB8EEC11A61EE200A20EE7E
:10107000800A84ED020A34E0FFE7687829780002EC
:1010800000B2084300EE100AD6ED030AB8EEC00A1B
:1010900060EE200A94ED080A60EE800AC4ED000AB2
:1010A000E878A978000200B2084300EE900AB8EE92
:1010B000E01AD6ED030A21EE201A21EE001A84ED83
:1010C000011A68792979000200B20843708101EEA3
:1010D000100AB8EEC11A61EE200A20EE800A84EDF3
:1010E000020AFFF775FF47490822002000F0E2F8E6
:1010F000FFF766FF28780F285DD1F07880B3E87895
:10110000A978000200B2084300EE100AD4ED090AE3
:10111000B8EEC01A96ED040A51EE000AC4ED030AB7
:1011200068792979000200B2084300EE900A94ED34
:101130000A1AF8EEE00A10EE801A84ED041AE87933
:10114000A979000200B20843708100EE900A94ED84
:101150000B1AF8EEE00A10EE801A84ED051A2AE068
:10116000FFE7E878A978000200B2084300EE100A11
:10117000F8EEC00A96ED040A60EE800AC4ED030A98
:1011800068792979000200B2084300EE900AF8EE6F
:10119000E00A60EE800AC4ED040AE879A979000249
:1011A00000B20843708100EE900AF8EEE00A20EEEB
:1011B000800A84ED050AFFF7FBFEA22000F098F8F4
:1011C00010490222222000F075F8FFF7E9FE287886
:1011D0006978C00040EA51107081B0F5806F02DB81
:1011E000A0F500607081B6F90A00B4EE001A00EEB6
:1011F000100AF8EEC00AB3EE070A00EE810A84ED89
:10120000070A70BD5400002470B50D461D490860E2
:1012100000201D4CA0700EF025FCA1780843A070A2
:101220000EF0B4FCA1780843A0701DB1174800F07F
:1012300037F924E015489FED160A80ED090A9FED65
:10124000150A80ED0A0A9FED140A80ED0B0A9FED46
:10125000130A80ED0C0A9FED120A80ED0D0A9FED36
:10126000110A80ED0E0A9FED100A80ED0F0A9FED26
:101270000F0A80ED080A9FED0E0A80ED060AA0789D
:1012800070BD000080000024380000244C0B0024B6
:10129000F0A032BAB9F3AFBAB1EFBBBA0B6F993E57
:1012A0002A98933D000000007A841D410F187F3F6B
:1012B0000000204270B50D46144640F0800000F05A
:1012C00017F806E0552000F013F805F8010B641E2E
:1012D000E4B2002CF6D170BD10B50C4640F0800091
:1012E00000F006F8552000F003F8207010BD000053
:1012F00001B582B04FF47A700123009001AA04482E
:1013000002A9006807F0F8F99DF804000EBD00007E
:101310008000002410B50C46FFF7EAFF2046BDE828
:101320001040FFF7E5BFB6EE002A92ED020AB0EEDC
:10133000421AD2ED030A00EE401AD0ED001AD0EDA9
:10134000013A00EEE01A21EE213A92ED011AD2EDB7
:10135000001A61EE002A41EEE02A61EE200A41EE19
:10136000800A02EEA33A90ED020AF0EE002A00EEA7
:10137000803A23EE220A81ED000A92ED010AD2EDB5
:10138000021A92ED001AD2ED030A20EE213AD0EDB6
:10139000003A90ED014A01EE203A23EE233AF0EEB6
:1013A000423A40EE403A40EEE03A61EEA00A41EEA9
:1013B000400A03EE843A90ED020A00EE803A23EEF2
:1013C000220A81ED010AD2ED010AD2ED031A92ED53
:1013D000020A92ED001A20EEA13A60EE211AD0ED39
:1013E000003A00EEE02A01EE403A41EE201A90ED7C
:1013F000011A00EE402A23EE233A90ED020A01EE94
:10140000813A02EE003A23EE220A81ED020A704789
:10141000FEE704284FF000007047002070470000EE
:1014200010B50549002205480BF062FD0449034848
:101430000BF050FD002010BD8CA30024B0960024BA
:101440008C9B002410B50446002C05D021B10968FE
:1014500011B120460CF096FD044821460BF03AFDF0
:1014600002480BF00BFD002010BD0000B0960024D8
:10147000002070470A4610B50849D1F8BC12D1F8CF
:101480001412002901D0012010BD014603480BF0C1
:101490002FFDBDE8104001480BF0C0BDB096002400
:1014A0002DE9F04F04462DED048B89B00020079004
:1014B000089000F01FFFFE4E86ED050ADFF8F4935A
:1014C00004AFDFF8F4A30DF104084FF07C5BDFED0F
:1014D000FB9A00F00FFFD6ED050AF94930EE600ADD
:1014E00010EE100A884214DD9FEDF60A84ED090A19
:1014F0009FEDF50A84ED0A0A9FEDF40A84ED0B0ACC
:101500009FEDF30A84ED0F0A9FEDF20A84ED060ABF
:1015100087E19FEDF10A00F0AFFE9FEDF00A84ED48
:101520000F0A84ED090A84ED0A0A84ED0B0A0025EE
:10153000F8E0FFF73DFD9220FFF7DAFE06221220C9
:1015400007A9FFF7B7FEFFF72BFD9DF81D009DF8DB
:101550001C10000200B2084300EE100AD6ED030A88
:10156000B8EEC00A20EE201A84ED001A9DF81F0084
:101570009DF81E10000200B2084300EE100AD6EDDE
:10158000030AB8EEC00A20EE200A84ED010A9DF895
:1015900021009DF82010000200B2084301EE900ADD
:1015A000F8EEE11A61EEA00AC4ED020A21EE011A7A
:1015B00000EE001A00EEA01AB0EE410A0EF0E1F9BA
:1015C000B0EE408A94ED0F0A30EE080A84ED0F0A5F
:1015D000FFF7FEFC0822002007A9FFF76BFEFFF7CC
:1015E000EFFC9DF81C000F2840D19DF81F009DF8CE
:1015F0001E10000200B2084300EE100AF8EEC00A06
:1016000096ED040A60EE800AC4ED030A94ED091A0F
:1016100071EE200AC4ED090A9DF821009DF8201002
:10162000000200B2084300EE900AF8EEE00A60EE15
:10163000800AC4ED040A94ED0A1A71EE200AC4ED82
:101640000A0A9DF823009DF82210000200B2084308
:1016500000EE900AF8EEE00A20EE800A84ED050A1A
:10166000D4ED0B0A30EE800A84ED0B0A002D7DD0FC
:10167000B4EEE88AF1EE10FA01DDF0EE488AB4EE3D
:10168000C98AF1EE10FA01D2B0EE489A002004EBBC
:10169000800191ED030A07EB8001D1ED000AB4EE61
:1016A000E00AF1EE10FA01DD81ED000A08EB80019D
:1016B000D1ED000AB4EEE00AF1EE10FA01D281EDAC
:1016C000000A401CC0B20328E1D338EEC90A86EDF7
:1016D000060A002007EB8001D1ED000A08EB80012B
:1016E00091ED001A09EB800170EEC10AC1ED000A0C
:1016F000401CC0B20328EDD310EE100A584515DC8B
:10170000D9F80000504511DCD9F8040050450DDC33
:10171000D9F80800504509DCB0EE690A00F0ACFDCC
:101720006D1CADB2F0888542FFF403AFF288D4EDB2
:101730000F0A00EE102AB8EE400A80EE801A84EDFF
:101740000F1A002000EE102A04EB8001B8EE400AC8
:10175000D1ED090A80EE801A81ED091A401CC0B251
:101760000328EFD3FFF724FCA22000E063E0FFF79B
:10177000BFFD0222222007A9FFF79CFDFFF710FC06
:101780009DF81C009DF81D10C00040EA5110B0F5F6
:10179000806F02DBA0F5006000B200EE100AB4EE2C
:1017A000001AF8EEC00AB3EE070A00EE810A84EDD3
:1017B000060AB088401CB080B06958453FF789AE32
:1017C00094ED0F0ADFED460A30EE600AB0EEC00A73
:1017D00010EE100A5845F1DCD9F800005045EDDC58
:1017E000D9F804005045E9DCD9F808005045E5DC9B
:1017F00094ED090A3B48B0EEC00A10EE101A81427F
:10180000DCDC94ED0A0AB0EEC00A10EE101A814238
:10181000D4DC94ED0B0AB0EEC00A10EE101A81422F
:10182000CCDC94ED0F0ADFED300A80EE801A84EDF7
:10183000081A00259EE0F0EE488AB0EE489A002093
:1018400004EB800191ED030A07EB800181ED000AB2
:1018500008EB800181ED000A401CC0B20328EFD3E1
:1018600033E7FFF7A5FB9220FFF742FD0622122087
:1018700007A9FFF71FFDFFF793FB9DF81D009DF8DB
:101880001C10000200B2084300EE100AD6ED030A55
:10189000B8EEC00A60EE200A94ED080A60EE800AF5
:1018A000C4ED000A94ED0C1ADFED101A20E00000E0
:1018B00038000024400B00249A99193E6F12033A15
:1018C00000002041F0A032BAB9F3AFBAB1EFBBBA11
:1018D0007A841D41000020420AD7A33B000000008B
:1018E000CDCC1C410AD7233CC3F51C41CDCC4C3F89
:1018F00021EE211A9FED242A00EE821A84ED0C1AA3
:101900009DF81F009DF81E10000200B2084300EE73
:10191000900AB8EEE01AD6ED030A21EE201A21EE65
:10192000001A84ED011AD4ED0D2A62EEA12A41EECF
:10193000022AC4ED0D2A9DF821009DF82010000216
:1019400000B2084301EE100AB8EEC11A61EE200A97
:1019500020EE800A84ED020AD4ED0E0A60EEA10AA0
:1019600040EE020AC4ED0E0AB0EE690A00F084FCF3
:101970006D1CADB230898542FFF473AF09B0BDEC88
:10198000048BBDE8F08F0000CDCC4C3E00F058F841
:10199000FCE7000070B504460D46164600220621FD
:1019A00004F170000FF074F80022082104F1A8007F
:1019B0000FF06EF80022012104F58E700FF08AFFFF
:1019C00028460DF0E7FC1C4A0021DFED190A9FEDC7
:1019D000190A304609F0D6FB0025B4F8A820B4F85F
:1019E000AC1016480EF0C0FE01200FF0CDFA6D1CB1
:1019F0000A2DF2DB0025B4F87020B4F874100F48FB
:101A00000EF0B2FE01200FF0BFFA6D1C0A2DF2DBC2
:101A10000025B4F81C21B4F8241108480EF0A4FEE7
:101A200001200FF0B1FA6D1C0A2DF2DB70BD000031
:101A3000000000000000B442B81D0108D4050024D5
:101A40002DED028B82B0494C02E001200FF09CFA90
:101A500094F890000028F8D0454A4648A2F1B00119
:101A6000FFF798FF424F434E9FED438A434C404956
:101A70003E4A4048B0390EF045FB404B3C493B4A9A
:101A80000C333C48B03900970EF038F996F8B8019D
:101A9000012835D00028EAD139480821B0EE482A7B
:101AA000F0EE481AB0EE481AF0EE480AB0EE480AD6
:101AB0000FF098F960680FF067FA31480621B0EE30
:101AC000482AF0EE481AB0EE481AF0EE480AB0EE96
:101AD000480A0FF087F960680FF056FA284801218C
:101AE000B0EE482AF0EE481AB0EE481AF0EE480A76
:101AF000B0EE480A0FF0D4F960680FF045FAB6E787
:101B00001B4D08211E48B03DF0EE481A95ED1E2AE7
:101B1000B0EE481AF0EE480AB0EE480A0FF062F94B
:101B200060680FF031FA1648062195ED1D2AF0EE97
:101B3000481AB0EE481AF0EE480AB0EE480A0FF024
:101B400051F960680FF020FA0D48012196ED482AFE
:101B5000F0EE481AB0EE481AF0EE480AB0EE480A25
:101B60000FF09EF960680FF00FFA80E79C84002464
:101B70007C860024748700240000000024010024D7
:101B8000D405002400F052F8FCE7000070B50446CC
:101B90000D4616462046002206210EF079FF00224F
:101BA000082104F138000EF073FF0022012104F136
:101BB000E0000FF08FFE28460DF0ECFB194A0021E3
:101BC000DFED160A9FED160A304609F0DBFA002514
:101BD000228FA18F14480EF0C7FD01200FF0D4F919
:101BE0006D1C0A2DF4DB00252288A1880E480EF01A
:101BF000BBFD01200FF0C8F96D1C0A2DF4DB002598
:101C0000B4F8E020B4F8E81007480EF0ADFD01206C
:101C10000FF0BAF96D1C0A2DF2DB70BD0000000058
:101C20000000B442C41D0108340500242DED028BD0
:101C300082B04E4C02E001200FF0A6F994F890001B
:101C40000028F8D04A4AA2F51C7101F1B000FFF754
:101C50009DFF474A9032A2F1480101F1900009F03E
:101C6000BFFA434FA7F5E0769FED428A424C4349C5
:101C70003E4A01F1B0000EF09FFC3F4B3F493B4A0A
:101C8000103301F1B00000970EF05AFA96F8B8013F
:101C9000012835D00028EAD139480821B0EE482A79
:101CA000F0EE481AB0EE481AF0EE480AB0EE480AD4
:101CB0000FF098F860680FF067F931480621B0EE30
:101CC000482AF0EE481AB0EE481AF0EE480AB0EE94
:101CD000480A0FF087F860680FF056F9284801218C
:101CE000B0EE482AF0EE481AB0EE481AF0EE480A74
:101CF000B0EE480A0FF0D4F860680FF045F9B6E787
:101D00001E4D08211E48F0EE481A95ED1E2AB0EE31
:101D1000481AF0EE480AB0EE480A0FF063F860681F
:101D20000FF032F91648062195ED1D2AF0EE481AFB
:101D3000B0EE481AF0EE480AB0EE480A0FF052F83A
:101D400060680FF021F90E48012196ED392AF0EE76
:101D5000481AB0EE481AF0EE480AB0EE480A0FF002
:101D60009FF860680FF010F981E700009C84002460
:101D7000348900240000000060010024C48600248F
:101D800034050024014801F08BBE00009C070024AC
:101D9000014801F085BE00007C0A0024014801F0E2
:101DA0007FBE000014080024014801F079BE000045
:101DB000BC040024014801F073BE00007009002437
:101DC00010B52C4A016891423AD02A4A1832914201
:101DD00036D0284A3032914232D0264A4832914297
:101DE0002ED0244A603291422AD0224A783291423F
:101DF00026D0204A9032914222D01E4AA8329142E7
:101E00001ED01D4A91421BD01B4A1832914217D056
:101E1000194A3032914213D0174A483291420FD0BA
:101E2000154A603291420BD0134A7832914207D062
:101E3000114A9032914203D00F4AA832914214D1F4
:101E4000CAB2103A1823B2FBF3F20C4C02F00703AB
:101E5000E35CC365032A04D96FF30901091D816599
:101E600006E06FF30901816502E021F0FF01816561
:101E7000806D10BD10000240100402401C1D0108BE
:101E800010B501680123224CCAB2A1421BD0204CDC
:101E90001434A14217D01E4C2834A14213D01C4C3C
:101EA0003C34A1420FD01A4C5034A1420BD0184CF4
:101EB0006434A14207D0164C7834A14203D0144CAC
:101EC0008C34A1420FD1083A1421B2FBF1F1114A2E
:101ED00002EB810202660F4A8032426601F01F0166
:101EE0008B40836610BD103A1824B2FBF4F20A4C02
:101EF0002144A82900D80832084901EB8201016673
:101F000006498031416602F01F018B40836610BD97
:101F10000854025800580258F0FBFDBF0008024068
:101F20000279521E072A31D8194B016899421BD0F9
:101F3000174B1433994217D0154B2833994213D0BD
:101F4000134B3C3399420FD0114B503399420BD075
:101F50000F4B6433994207D00D4B7833994203D02D
:101F60000B4B8C33994207D10A4901EB8201C166C0
:101F700008494031016706E0074901EB8201C1666B
:101F800005494031016701219140416770470000D8
:101F9000085402580059025800090240014610B581
:101FA00000208B694FF0C0748A6A002B0ED0B3F505
:101FB000005F1AD062B3012A2AD0022A28D0032A4D
:101FC00003D1C96AC90100D5012010BD1AB1012A87
:101FD00006D0022AF9D1C96AC901F6D5012010BD7F
:101FE000C96AA142FBD1012010BD52B1012A0AD019
:101FF000022A06D0032AF7D1C96AA142F4D10120EE
:1020000010BD012010BDC96AC901FBD5012010BD5A
:10201000012010BD2DE9F04F856D8A4E894FDFF804
:1020200024C2A836DFF81C82DFF818920CF1180CD5
:10203000DFF810A208F13008DFF808B209F148090A
:1020400004680AF1600A0BF1780BBC426DD064455C
:102050006BD0444569D04C4567D0544565D05C454C
:1020600063D0DFF8E0E10EF1900E74455DD0B4422C
:102070005BD0DFF8D4E1744557D0DFF8CCE10EF146
:10208000180E744551D0DFF8C0E10EF1300E7445E2
:102090004BD0DFF8B4E10EF1480E744545D0DFF8BF
:1020A000A8E10EF1600E74453FD0DFF89CE10EF11F
:1020B000780E744539D0DFF890E10EF1900E74453A
:1020C00033D0DFF884E10EF1A80E74452DD0DFF88F
:1020D0007CE1744529D0DFF874E10EF1140E7445EB
:1020E00023D0DFF868E10EF1280E74451DD0DFF82B
:1020F0005CE10EF13C0E744517D0DFF850E10EF1B3
:10210000500E744511D0DFF844E10EF1640E7445B1
:102110000BD0DFF838E10EF1780E744505D0DFF80A
:102120002CE10EF18C0E744509D1D0E919E4CEF8FA
:102130000440C46E1CB1D0E91CE4CEF8044004682D
:10214000BC422ED064452CD044452AD04C4528D0E2
:10215000544526D05C4524D03A4F9037BC4220D01D
:10216000B4421ED0384EB4421BD0374E1836B4425B
:1021700017D0354E3036B44213D0334E4836B442C1
:102180000FD0314E6036B4420BD02F4E7836B44269
:1021900007D02D4E9036B44203D02B4EA836B44211
:1021A0001BD190F85C4004F01F063F24B440AC60A3
:1021B0000468256825F480252560046863608368C9
:1021C000402B05D0036899600068C260BDE8F08FBD
:1021D00003689A600068C160F8E71C4EB4421BD0E7
:1021E0001A4E1436B44217D0184E2836B44213D0C3
:1021F000164E3C36B4420FD0144E5036B4420BD07B
:10220000124E6436B44207D0104E7836B44203D032
:102210000E4E8C36B442D9D190F85C4004F01F06C3
:102220000124B4406C60046863608368402B04D070
:10223000036899600068C260C8E703689A60006834
:10224000C160C3E710000240100402400854025865
:1022500008B5074840680090064800990269914215
:1022600002D2C168491CC1600099016108BD00002B
:10227000001000E0D80200240A4841680A4AD2ED62
:10228000000A4268521AF8EE601A01EE102AB8EEFF
:10229000411A60EE211AB4EEE11AF1EE10FAF0D311
:1022A00070470000001000E0D802002400B52DEDBA
:1022B000028B81B00D49496800910168009A511A5A
:1022C00000EE101A0A49F8EE400A91ED000AB8EE45
:1022D000400A80EE808A00990160FFF7B9FF01B0E3
:1022E000B0EE480ABDEC028B00BD0000001000E01B
:1022F000D802002410B500F043F80C489FED0C1AEA
:1023000090ED000A8188C08800EE901AB8EE400A6D
:10231000F8EE600A00EE810A00EE900A9FED051AC1
:10232000F8EE600A00EE810A10BD000008030024E8
:102330006F12833ABD3786350D490A6842F08072C4
:102340000A600C4900224A600B6843F001030B60ED
:1023500009494843094908604FF47A73B0FBF3F325
:102360004B60054BB0FBF3F08860CA60704700001B
:10237000FCED00E0001000E040420F00D802002415
:102380002DE9F84F204840680090FFF761FFDFF823
:102390007C904FF0FF334FF0000A00985146D9F877
:1023A0000C20E2FB030104460D46C9E90E01D9F8F1
:1023B00000B00023204629465A46FEF705F8064697
:1023C0000F463046A0FB0B2107FB0B1106FB0A133F
:1023D000A71A65EB030809F1300426600023D9F839
:1023E0000460414638463246FDF7EEFF80B2A080D9
:1023F0007043381A68EB0A01D9F808200023FDF76A
:10240000E3FFE080BDE8F88F001000E0D802002470
:102410007047B6EE002A92ED020AB0EE421AD2EDF3
:10242000030A00EE401AD0ED001AD0ED013A00EE9A
:10243000E01A21EE213A92ED011AD2ED001A61EE76
:10244000002A41EEA02A61EE200A41EEC00A02EE07
:10245000A33A90ED020AF0EE002A00EE803A23EE55
:10246000220A81ED000A92ED010AD2ED021A92EDE4
:10247000001AD2ED030A20EE213AD0ED003A90ED99
:10248000014A01EE603A23EE233AF0EE423A40EE82
:10249000403A40EEE03A61EEA00A41EE000A03EE57
:1024A000843A90ED020A00EE803A23EE220A81ED92
:1024B000010AD2ED010AD2ED031A92ED020A92ED61
:1024C000001A20EEA13A60EE211AD0ED003A00EE9B
:1024D000E02A01EE003A41EE601A90ED011A00EE9A
:1024E000402A23EE233A90ED020A01EE813A02EEF1
:1024F000003A23EE220A81ED020A704772B6FEE727
:1025000010B58AB0002402940394022004900120A4
:1025100005900694079402A9104802F08EFA08B1BB
:10252000FFF7ECFF02220D4800231146009402F051
:10253000C8FA08B1FFF7E2FF08480022012102F0C3
:1025400003FA08B1FFF7DAFF044802F073FF00282E
:1025500001D0FFF7D3FF0AB010BD000034050024FE
:10256000014802F0A3BB00003405002410B58AB076
:102570000024029401200390022004900590069408
:10258000079402A9104802F058FA08B1FFF7B6FF05
:1025900002220D4800231146009402F092FA08B17D
:1025A000FFF7ACFF08480022102102F0CDF908B176
:1025B000FFF7A4FF044802F03DFF002801D0FFF719
:1025C0009DFF0AB010BD0000D4050024014802F0B0
:1025D0006DBB0000D4050024014802F067BB000079
:1025E0007406002430B5426B036853F8844F4FF6ED
:1025F000FC718C4344EA82041C60036853F8844FE6
:10260000058F24F47F0444EA05441C60836B1A445C
:10261000036853F8884F8C4344EA82041C600368C3
:1026200053F8884F858F24F4FE0444EA05441C6067
:10263000C36B02EB4302036853F8A04F8C4344EA98
:1026400082041C60036853F8A04FB0F8405024F493
:10265000FE0444EA05441C60D0E9103403FB042264
:10266000036853F8B04F8C4344EA82041C6003684B
:1026700053F8B04FB0F8485024F4FE0444EA05443F
:102680001C60D0E9123403FB0422036853F8AC4FFA
:102690008C4344EA82041C60D0E9143403FB042216
:1026A000036853F8F04F8C4344EA82041C600368CB
:1026B00053F8F04FB0F8585024F47C1444EA054421
:1026C0001C60836D02EB4303026852F8C04F8C43D9
:1026D00044EA83011160016851F8C02FB0F85C3002
:1026E00022F47C1242EA03420A60016851F8C02FCA
:1026F00090F8603022F07C5242EA03620A60416B3B
:10270000224A02EB8101C166826B01EB8202026701
:10271000C36B02EBC3024267D0E91034634302EBA0
:1027200083028267D0E91234634302EB8302C267FB
:10273000D0E91434634302EB8302C0F88020836D38
:1027400002EBC302C0F88420C46D836E5C4302EBCD
:102750008402C0F88820046E5C4302EB8402C0F857
:1027600090200B4B9A4208D99830416841F02001E3
:10277000416003210170012030BD002200E004C14E
:10278000D0F890308B42FAD8002030BD00AC004029
:10279000FCD30040F0B5D1E901650C692C430D680C
:1027A000002E19D045F080452C4391F82070D1E9D6
:1027B000066535434E6946EA07663543CE683543BC
:1027C000D0F88460806E584306EB80031C605D6027
:1027D000083300200C4E0FE044EA8544E5E7141866
:1027E000155CE77845EA0765A77864783F0447EA0F
:1027F0000424254320C3001DCC6806EB1444247830
:102800008442ECD8F0BD0000241D010810B50B482F
:102810000168001D0468001D0068084400280BD0F2
:102820000749082207F0B4FA054904222046BDE80A
:102830001040103107F0ACBA10BD000000E8F11FE5
:1028400082030024F8B504460E461746002500957D
:1028500094F85C00012810D0012084F85C00204628
:10286000FEF7FCFA0346180009D0206E40F0100075
:10287000206684F85C501846F8BD0220F8BD206E32
:1028800020F4885040F002002066206806F4803171
:1028900007F0804211438268114E3240114341F0EB
:1028A000004181600F4920680FE0009A521C00929D
:1028B000009A8A4209D3206E20F0020040F01000F6
:1028C000206684F85C500120F8BD8268D20F002A8F
:1028D000EBD1206E20F0020040F001002066C8E736
:1028E000C0FFFE3F00F8C3252DE9F0479CB0044629
:1028F0000D464FF0000894F85C0001280DD001202F
:1029000084F85C00002718971997DFF8F09020688A
:102910003B4E484505D1009604E002201CB0BDE8BE
:10292000F0870097009840B1009807F037FE824684
:10293000206807F033FE40B10AE0206E40F020002E
:10294000206684F85C700120E8E7BAF1000F09D036
:10295000206E40F0200020664FF0010884F85C7083
:102960004046DBE72068484501D0B04201D1254808
:1029700000E0254840F61F72244B296811B3816896
:10298000D5F804C021F4404141EA0C01816021687E
:10299000494501D0B14208D1D9F80810C1F300016E
:1029A000B368C3F30003194302E09968C1F300015F
:1029B0000029D3D1AB68296819438368934319432D
:1029C0008160CBE7816821F44041816021684945FD
:1029D00001D0B14208D1D9F80810C1F30001B368A1
:1029E000C3F30003194302E09968C1F30001002911
:1029F000B4D1816891438160B0E7000000200240BB
:102A00000021024000230240006302580060025887
:102A10002DE9FC5F04460D464FF0000800200190B0
:102A2000DFF8E093DFF8E0B3DFF8E0A3F84E94F8C6
:102A30005C00012812D0012784F85C70206807F040
:102A4000A9FD68B1206E40F0200020664FF001081B
:102A5000002084F85C004046BDE8FC9F0220FBE7B4
:102A6000206848450DD0C26929680B0329D091FA26
:102A7000A1F1B1FA81F101F01F0107FA01F10A4356
:102A8000C261A98820682A6801F4407300EB9310A2
:102A9000036B01F01F014FF01F0CC2F384620CFAAC
:102AA00001FC8A4023EA0C0313430363206807F008
:102AB00071FD0090206807F065FD0099014303D087
:102AC00053E1C1F38461D6E7AA682968206807F05A
:102AD00071FD2068484506D16A69C168C1F3C1012A
:102AE00049008A401BE0CB490968B7EB117F06D14A
:102AF0006A69C168C1F3820149008A400FE0C16878
:102B0000C90606D46A69C168C1F3820149008A40D6
:102B100005E06A69C16801F0100149088A40296925
:102B2000042957D02B6800EB81016031484507D15B
:102B3000086803F0F840104340F00040086007E0E8
:102B4000086803F0F843134300F00040184308609E
:102B5000206848451CD12A69E96900EB8200026EB1
:102B600022F080720A43026695F8201020682A69D4
:102B700001290AD000214845A2D100EB8200026E53
:102B800022F000720A430266EFE04FF00071F2E7B4
:102B900095F821102A69012916D0002100EB820046
:102BA000026E22F000420A430266297E20682A69EA
:102BB00001290CD00021036902F01F0223F4F04325
:102BC00091400B430361D0E04FF00041E6E74FF442
:102BD0000061F0E748456FD1002107F0CDFC00030C
:102BE0006CD02068002107F0C7FC90FAA0F0B0FA82
:102BF00080F12868020368D090FAA0F0B0FA80F063
:102C0000814204D100222068114607F0E3FC2068CD
:102C1000012107F0B1FC00035AD02068012107F020
:102C2000ABFC90FAA0F0B0FA80F12868020356D00D
:102C300090FAA0F0B0FA80F0814204D1206800221E
:102C4000012107F0C7FC2068022107F095FC000372
:102C500048D02068022107F08FFC90FAA0F0B0FA6B
:102C600080F12868020344D090FAA0F0B0FA80F016
:102C7000814204D120680022022107F0ABFC2068C9
:102C8000032107F079FC000336D02068032107F008
:102C900073FC90FAA0F0B0FA80F12868020332D0F9
:102CA00090FAA0F0B0FA80F081425ED12068002254
:102CB000032107F08FFC58E028E0FFE7206800219F
:102CC00007F05AFCC0F3846193E7C0F3846097E790
:102CD0002068012107F050FCC0F38461A5E7C0F330
:102CE0008460A9E72068022107F046FCC0F38461F4
:102CF000B7E7C0F38460BBE72068032107F03CFC22
:102D0000C0F38461C9E7C0F38460CDE7016E2A781F
:102D100001F0F841B1EB826F03D1016E21F0004167
:102D200001662068416E2A7801F0F841B1EB826FAC
:102D300003D1416E21F0004141662068816E2A78FE
:102D400001F0F841B1EB826F03D1816E21F00041B7
:102D500081662068C16E2A7801F0F841B1EB826F7C
:102D600003D1C16E21F00041C166206807F00EFC5E
:102D700000287FF46DAE2068EA6829684845264B34
:102D80000ED1D0F8B0C002F01802C1F3130ED34038
:102D90000B402CEA0E0C4CEA030CC0F8B0C00DE05E
:102DA000D0F8C0C002F01802C1F3130ED3400B409C
:102DB0002CEA0E0C4CEA030CC0F8C0C0E868584579
:102DC0007ED12868010319D090FAA0F1B1FA81F1FF
:102DD000491C01F01F0109293ED8010300291DD01B
:102DE00090FAA0F1B1FA81F101F1010101F01F01A6
:102DF00007FA01F715D1C0F3846116E0C0F38461CE
:102E0000E6E70000006002580000FF470020024093
:102E1000002102400010005CFFFF0F00C0F384613E
:102E2000E2E790FAA0F1B1FA81F101F1010101F0BC
:102E30001F0147EA816102D1C0F3846003E090FA88
:102E4000A0F0B0FA80F000F1010000F01F0000EBEC
:102E5000400041EA005132E04FEA003100290DD034
:102E600090FAA0F1B1FA81F101F1010101F01F0125
:102E700007FA01F705D1C0F3846106E0C0F384616D
:102E8000F2E790FAA0F1B1FA81F101F1010101F04C
:102E90001F0147EA816102D1C0F3846003E090FA28
:102EA000A0F0B0FA80F000F1010000F01F00A0F1E6
:102EB0000A0000EB400041EA005040F0007100E0E1
:102EC00003E0AA68206807F075FB2A68002ABFF6AD
:102ED000BFAD2068384B394F504501D0B04201D1C9
:102EE000194600E03946896801F0E071504501D08B
:102EF000B0420AD1DAF80850C5F30005D6F808C088
:102F0000CCF3000C45EA0C0503E0D9F80850C5F3F2
:102F1000000535B1206E40F0200020664FF001081A
:102F200096E5274DAA421FD10D021DD44845F7D181
:102F3000504502D0B04200D03B4641F400009968B1
:102F400021F0E071014399601E481F490068B0FB01
:102F5000F1F0401C4000019002E00198401E0190F9
:102F600001980028F9D173E5184DAA4210D1CD017E
:102F70000ED44845D4D1504502D0B04200D03B4693
:102F800041F08070996821F0E071014399605FE53C
:102F90000F4DAA42C4D14A02C2D44845C0D15045BF
:102FA00002D0B04200D03B4641F48000996821F045
:102FB000E071014399604BE5002302400063025831
:102FC000000052C730000024400D0300000021C360
:102FD000000084CB7047704770470000F8B5044686
:102FE000002500260096002C02D0206E10B107E0CC
:102FF0000120F8BD204600F045F9666684F85C6063
:1030000020688168C1F3407119B18168914A11400B
:10301000816020688168C1F3007199B981688E4A26
:10302000114041F0805181608C488D490068B0FBAF
:10303000F1F0401C009002E00098401E00900098C3
:103040000028F9D120688168C1F3007141B9216E6F
:1030500041F010012166616E41F0010161660125B8
:1030600007F098FA216EC90600D430B1206E40F006
:103070001000206601252846F8BD206E20F48070DF
:1030800040F002002066206807F080FA754EF8B91B
:10309000754A2068754B904201D0984207D19168DB
:1030A000C1F300019F68C7F30007394302E0B1682C
:1030B000C1F3000161B9904201D0984201D16C483E
:1030C00000E06C486168826822F47C120A438260E6
:1030D0002168B14220D1E26BE0680243607E430385
:1030E000A068082810D00C2810D01C2810D0182850
:1030F00010D0002000F00C0043EA4000024394F896
:10310000200042EA004011E00020F3E70420F1E74C
:103110000820EFE71C20EDE7A268E06B94F8203070
:103120001043627E520342EA0342104394F8202087
:10313000012A03D1A28C521E40EA4240A26A2AB15F
:10314000E36A02F47872024343EA0200B1420CD10E
:10315000CA68494B1A400243CA6020680169626B21
:1031600021F040611143016104E0CA68434B1A40F9
:103170000243CA60206807F00DFA0746206807F08E
:1031800001FA074329D12068B04206D1217E94F884
:103190003820890341EA420103E0227E216B41EAA3
:1031A0008231C26844F203039A430A43C26094F82E
:1031B0004400012820D02068016921F0010101614B
:1031C00020680169226C21F070411143016120687F
:1031D000B04202D02046FDF773FD2069012830D0AF
:1031E0002068016B21F00F010163206E20F00200C6
:1031F00040F0010020663EE72068B0420ED1D4E9DD
:1032000012121143D4E914231A43114302691C4BCF
:103210001A40114341F001010161D1E7B4F848308F
:103220000127D4E913125B1E1143626D07EB0343C0
:103230001A4311430269124B5B1E1A40114301618C
:10324000BEE72068016BE26921F00F01521E1143B5
:103250000163CAE7C0FFFF5FC0FFFF7F30000024AB
:10326000400D03000060025800200240002102408F
:1032700000230240006302580740F0FF03C0F0FF44
:103280001FF800FC70B586B00646142101A8FDF7B2
:10329000F3F826493068884246D12548016841F054
:1032A00020010160006800F02000009020490831F2
:1032B000086840F001000860086800F00100009014
:1032C000086840F004000860086800F004000090FE
:1032D000202001900324029400250395154801A99C
:1032E00002F0CAF8102001900294039501A9124837
:1032F00002F0C2F8124C1148206009206060A560FD
:10330000E5604FF480602061400060618000A06152
:103310004011E06125626562204600F095FF08B12A
:10332000FFF7ECF8B465A66306B070BD002002405C
:10333000D8440258000002580008025858000240C1
:10334000BC0400242DE9F047044688469146404FCE
:10335000DFF800A12068B84201D0504501D13E49B4
:1033600000E03E49896801F01F0507F013F910B12C
:103370000220BDE8F08794F85C0001280BD0012002
:1033800084F85C00002645B1052D06D0092D04D037
:1033900084F85C60EDE70220EBE72046FDF7A0FD36
:1033A00010B184F85C60E4E7206E40F60161884368
:1033B00040F4807020662068504500D00746874260
:1033C00000D01DB9206E20F480102066206EC0044D
:1033D00004D5606E20F00600606600E06666A16DB0
:1033E0001F48C863A16D1F480864A16D1E48C864CA
:1033F0001C202168086084F85C602068416841F006
:10340000100141601949206888420DD194F83810A4
:103410004900C26822F003020A43C2602068C16802
:1034200041F00101C16005E0216BC26822F0030296
:103430000A43C26021684B46A06D4246403101F00C
:10344000FBF821688A680A4B1A40121D8A6090E7CF
:103450000020024000210240002302400063025885
:10346000B90D0008510E0008370E00080060025820
:10347000C0FFFF7F2DE9F84F044602F00FF90090DE
:103480005CB194F83500022809D0802060650020E6
:1034900084F834000120BDE8F88F0120FBE7D14E0D
:1034A000D04FD0491836DFF83C833037DFF83493FB
:1034B000DFF830A308F14808DFF828B309F1600904
:1034C00020680AF1780A0BF1900B88422ED0B042A6
:1034D0002CD0B8422AD0404528D0484526D0504567
:1034E00024D0584522D0BF4AA83290421ED0BE4AAE
:1034F00090421BD0BC4A1832904217D0BA4A3032A0
:10350000904213D0B84A483290420FD0B64A603247
:1035100090420BD0B44A7832904207D0B24A9032EF
:10352000904203D0B04AA83290420AD1026822F0F9
:103530001E0202602068426922F080024261256812
:1035400004E0026822F00E020260256820688842CA
:103550004DD0B0424BD0B84249D0404547D0484505
:1035600045D0504543D0584541D09E4AA83290425C
:103570003DD09D4A90423AD09B4A1832904236D074
:10358000994A3032904232D0974A483290422ED0F7
:10359000954A603290422AD0934A7832904226D09F
:1035A000914A9032904222D08F4AA83290421ED047
:1035B0008E4A90421BD08D4A1432904217D08B4ACB
:1035C0002832904213D0894A3C3290420FD0874A29
:1035D000503290420BD0854A6432904207D0834AE1
:1035E0007832904203D0814A8C32904204D1206ECE
:1035F000026822F4807202607A49206888422ED0E4
:10360000B0422CD0B8422AD0404528D0484526D0D8
:10361000504524D0584522D07249A83188421ED046
:10362000714988421BD070491831884217D06E49C1
:103630003031884213D06C49483188420FD06A49F2
:10364000603188420BD068497831884207D066499A
:103650009031884203D06449A831884204D101687E
:1036600021F00101016013E0016821F00101016016
:103670000EE002F013F80099401A052808D920201E
:10368000343420620320607000202070012002E7A3
:103690002868C007EDD1534A0121206890422ED0FE
:1036A000B0422CD0B8422AD0404528D0484526D038
:1036B000504524D0584522D04A4BA83398421ED0BA
:1036C000494B98421BD0484B1833984217D0464B71
:1036D0003033984213D0444B483398420FD0424B7A
:1036E000603398420BD0404B7833984207D03E4B22
:1036F0009033984203D03C4BA833984208D1A06D38
:1037000094F85C3003F01F053F23AB40836007E073
:10371000A06D94F85C3003F01F0301FA03F34360DB
:10372000206890424DD0B0424BD0B84249D040457D
:1037300047D0484545D0504543D0584541D0294A07
:10374000A83290423DD0284A90423AD0264A1832B8
:10375000904236D0244A3032904232D0224A483207
:1037600090422ED0204A603290422AD01E4A7832AF
:10377000904226D01C4A9032904222D01A4AA83257
:1037800090421ED0194A90421BD0184A14329042DF
:1037900017D0164A2832904213D0144A3C32904235
:1037A0000FD0124A503290420BD0104A64329042ED
:1037B00007D00E4A7832904203D00C4A8C329042A5
:1037C0000BD1D4E919205060E06E30B1026822F4C8
:1037D00080720260D4E91C20506034346170002093
:1037E000207058E6100002401004024008540258AD
:1037F0002DE9F05F002808D090F83510022906D096
:10380000802141650120BDE8F09F0120FBE7A14A2E
:10381000A04BA04C18329F4D30339E4E4834DFF8F9
:1038200074B26035DFF870C27836DFF86C82DFF88A
:1038300068920CF1300CDFF860A208F160080168B2
:1038400009F17809944F0AF1900A594531D0914213
:103850002FD099422DD0A1422BD0A94229D0B142DC
:1038600027D0DFF830E20EF1900E714521D0DFF85D
:1038700024E20EF1A80E71451BD0DFF81CE2AEF178
:10388000180E714515D0B94213D0DFF80CE20EF1D5
:10389000180E71450DD061450BD0DFF8FCE10EF13B
:1038A000480E714505D0414503D0494501D05145E9
:1038B00037D14FF0040E80F835E0594527D09142BA
:1038C00025D0994223D0A14221D0A9421FD0B14294
:1038D0001DD070489030814219D06E48A830814286
:1038E00015D06D481838814211D0B9420FD06A48BE
:1038F000183081420BD0614509D067484830814279
:1039000005D0414503D0494501D0514504D108684F
:1039100020F001000860BAE0086820F001000860AB
:10392000B5E0D1F800E02EF00E0EC1F800E001681D
:10393000DE46594531D091422FD099422DD0A14237
:103940002BD0A94229D0B14227D0DFF848B10BF1E2
:10395000900B594521D0DFF83CB10BF1A80B59452C
:103960001BD0DFF834B1ABF1180B594515D0B94273
:1039700013D0DFF824B10BF1180B59450DD0614578
:103980000BD0DFF814B10BF1480B594505D0414578
:1039900003D0494501D0514506D1D1F800B02BF0F4
:1039A000010BC1F800B005E0D1F800B02BF0010B1D
:1039B000C1F800B001684FF0010B714546D091424B
:1039C00044D0994242D0A14240D0A9423ED0B14217
:1039D0003CD0304A9032914238D02E4AA83291429F
:1039E00034D02D4A183A914230D0B9422ED02A4ACA
:1039F000183291422AD0614528D0274A4832914254
:103A000024D0414522D0494520D051451ED0234ADB
:103A100091421BD0214A1432914217D01F4A2832BA
:103A2000914213D01D4A3C3291420FD01B4A503272
:103A300091420BD0194A6432914207D0174A78322A
:103A4000914203D0154A8C32914218D1016E0A6816
:103A500022F480720A60816D90F85C2002F01F02EF
:103A60000BFA02F24A60D0E919215160C16E31B1FE
:103A70000A6822F480720A60D0E91C21516080F843
:103A800035B0002180F83410016D01B18847002065
:103A9000B9E6000010000240280402400854025811
:103AA0002DE9FF5F0446002001904FF41651FD48B8
:103AB0000068B0FBF1F00090A56D2E682968FA4F00
:103AC000DFF8E4B3DFF8E083DFF8DC930BF1180BE9
:103AD000DFF8D4A308F13008206809F148090AF199
:103AE000600AB8423BD05A46904238D0404536D062
:103AF000484534D0504532D0EB4A783290422ED0EF
:103B0000E94A903290422AD0E74AA832904226D021
:103B1000E64A904223D0E54A183290421FD0E34B48
:103B2000303398421BD0E14B4833984217D0DFF82E
:103B30007CC30CF1600C604511D0DFF870C30CF150
:103B4000780C60450BD0DFF864C30CF1900C604535
:103B500005D0DFF858E30EF1A80E70457ED194F839
:103B60005C10082301F01F0103FA01F232424BD02E
:103B7000B84232D0584530D040452ED048452CD0A0
:103B800050452AD0C8497831884226D0C64990315C
:103B9000884222D0C449A83188421ED0C3498842F5
:103BA0001BD0C2491831884217D0C04930318842F1
:103BB00013D0BE49483188420FD0BC496031884299
:103BC0000BD0BA497831884207D0B8499031884241
:103BD00003D0B649A831884203D1016801F004013D
:103BE00002E0016801F0080171B1016821F00401EF
:103BF000016094F85C0000F01F0003FA00F2AA6074
:103C0000606D40F00100606594F85C00012100F0F7
:103C10001F008140314240D02068B84234D058451E
:103C200032D0404530D048452ED050452CD09E4A09
:103C30007832904228D09C4A9032904224D09A4ABE
:103C4000A832904220D0994A90421DD0974A18320B
:103C5000904219D0954A3032904200E0D2E113D020
:103C6000924A483290420FD0904A603290420BD034
:103C70008E4A7832904207D08C4A9032904203D0DC
:103C80008A4AA83290427DD1406910F0800F04D05A
:103C9000A960606D40F00200606594F85C0004214A
:103CA00000F01F00814031423ED02068B84232D03F
:103CB000584530D040452ED048452CD050452AD0CC
:103CC000794A7832904226D0774A9032904222D078
:103CD000754AA83290421ED0744A90421BD0734A53
:103CE0001832904217D0714A3032904213D06F4A46
:103CF000483290420FD06D4A603290420BD06B4AEE
:103D00007832904207D0694A9032904203D0674A95
:103D1000A83290424ED1006810F0020F04D0A96082
:103D2000606D40F00400606594F85C00102100F0C4
:103D30001F008140314260D02068B84234D05845DD
:103D400032D0404530D048452ED050452CD0564A30
:103D50007832904228D0544A9032904224D0524A2D
:103D6000A832904220D0514A90421DD04F4A18327A
:103D7000904219D04D4A3032904215D04B4A4832C9
:103D8000904200E014E00FD0484A603290420BD0DD
:103D9000464A7832904207D0444A9032904203D04B
:103DA000424AA832904207D1006800F0080006E0BD
:103DB000006872E70068B7E7006800F0040058B1D7
:103DC000A9602068016849030CD50068000304D489
:103DD000216C09B1204688470FE0A16C69B12046EB
:103DE00088470AE00168C90503D4016821F0080189
:103DF0000160216C09B12046884794F85C002021BD
:103E000000F01F00814031427BD02068B84232D0A0
:103E1000584530D040452ED048452CD050452AD06A
:103E2000214A7832904226D01F4A9032904222D0C6
:103E30001D4AA83290421ED01C4A90421BD01B4AF9
:103E40001832904217D0194A3032904213D0174A94
:103E5000483290420FD0154A603290420BD0134A3C
:103E60007832904207D0114A9032904203D00F4AE4
:103E7000A832904203D1006800F0100002E0006810
:103E800000F00200E8B3A96094F83500042812D0CD
:103E90002068016849033DD50068000335D4616C92
:103EA00079B305E030000024100002401004024005
:103EB000204688473FE02068016821F01601016034
:103EC0002068416921F080014161206C08B9A06C33
:103ED00020B12068016821F00801016094F85C00BD
:103EE00000F01F013F208840A860012084F83500C1
:103EF000002084F83400216D002974D004B02046DD
:103F000000E018E0BDE8F05F0847E16B99B120469A
:103F1000884710E00168C90509D4016821F0100143
:103F20000160012084F83500002084F83400E16B42
:103F300009B120468847606D002854D0606DC007E5
:103F400058D0042084F835002068B84231D0584554
:103F50002FD040452DD048452BD0504529D0B749CA
:103F6000884226D0B5491831884222D0B349303131
:103F700088421ED0B24988421BD0B14918318842CC
:103F800017D0AF493031884213D0AD49483188420B
:103F90000FD0AB49603188420BD0A94978318842B3
:103FA00007D0A7499031884203D0A549A83188425B
:103FB00004D1016821F00101016003E0016821F0F2
:103FC0000101016021680198009A401C0190904213
:103FD00002D80868C007F6D10868C00704D00320DB
:103FE00084F8350003E087E0012084F835000020E4
:103FF00084F83400E16C00297ED004B02046BDE88E
:10400000F05F08478F4EB0421BD08E4E1436B04240
:1040100017D08C4E2836B04213D08A4E3C36B04270
:104020000FD0884E5036B0420BD0864E6436B04228
:1040300007D0844E7836B04203D0824E8C36B042E0
:104040005AD106684FF0040E94F85CB00BF01F0BC9
:104050000EFA0BFE1EEA010FCDF80CE05ED05FEA0F
:10406000467E5BD503986860300411D5F00307D411
:10407000A16C002940D004B02046BDE8F05F08479D
:10408000216C002938D004B02046BDE8F05F084715
:10409000B0063BD42068B8422DD0684960398842C8
:1040A00029D0404527D0484525D0504523D06349E5
:1040B000884220D06149183188421CD05F49303194
:1040C000884218D05E49884215D0904213D05C498E
:1040D000303188420FD098420DD059496031884222
:1040E00009D057497831884205D0604503D05449FA
:1040F000A831884206D100E07CE0016821F0080187
:10410000016003E0016821F004010160216C0029D5
:1041100070D004B02046BDE8F05F08474FF0020EB3
:104120000EFA0BFE1EEA010FCDF808E063D05FEA3D
:10413000867E60D502986860300411D5F00307D4FC
:10414000616C002978D004B02046BDE8F05F0847D4
:10415000E16B002970D004B02046BDE8F05F08474D
:10416000B0063FD42068B8422DD034496039884227
:1041700029D0404527D0484525D0504523D02F4948
:10418000884220D02D49183188421CD02B4930312B
:10419000884218D02A49884215D0904213D0284925
:1041A000303188420FD098420DD025496031884285
:1041B00009D023497831884205D0604503D0204991
:1041C000A831884204D1016821F01401016003E0A4
:1041D000016821F00A010160012084F83500002007
:1041E00084F83400E16B002926D004B02046BDE8F5
:1041F000F05F084720E0082202FA0BF20A421BD0C7
:10420000310719D5016821F00E01016094F85C00B6
:1042100000F01F01012000FA01F16960606584F877
:104220003500002084F83400E16C002904D004B08B
:104230002046BDE8F05F0847BDE8FF9F88000240C8
:1042400010040240085402582DE9F05F044601F0C2
:1042500025FA0646002C7DD0F24F0222DFF8C483F7
:104260000025DFF8C093DFF8BCA308F13008DFF8C1
:10427000B4B309F1480920680AF1600A0BF1780B20
:10428000B84232D0E749183188422ED040452CD070
:1042900048452AD0504528D0584526D0E14990318C
:1042A000884222D0DF49A83188421ED0DE498842A8
:1042B0001BD0DD491831884217D0DB4930318842A4
:1042C00013D0D949483188420FD0D749603188424C
:1042D0000BD0D5497831884207D0D34990318842F4
:1042E00003D0D149A83188427ED184F8352084F8A2
:1042F0003450B84234D0CB491831884230D0404590
:104300002ED048452CD050452AD0584528D0C549F4
:104310009031884224D0C349A831884220D0C24974
:1043200088421DD0C0491831884219D0BE49303169
:10433000884215D0BC494831884211D0BA49603111
:1043400088420DD0B8497831884209D0B6499031B9
:10435000884200E009E003D0B349A831884207D180
:10436000016821F00101016013E00120BDE8F09F28
:10437000016821F0010101600BE001F08FF9801B61
:10438000052806D920206065032084F83500012027
:10439000ECE720680068C007EFD122681168A348E5
:1043A0000140D4E902031843D4E9043633431843E7
:1043B000A3691843E3691843236A18430843616AF1
:1043C000042903D1D4E90B13194308436168A1F10F
:1043D0002903052B0DD9163B032B0AD9083B012BCA
:1043E00007D9083B032B00E02AE002D974390329DE
:1043F00001D840F4801010602068406920F0070167
:10440000606A40EA010604280DD1A06A0643E06A0A
:1044100048B12046FDF7C2FD28B14020606501206B
:1044200084F83500A2E7206846612046FDF7C8FC05
:1044300094F85C1001F01F023F219140816066E01A
:104440007B4988421BD07A4B1433984217D0784B63
:104450002833984213D0764B3C3398420FD0744B9C
:10446000503398420BD0724B6433984207D0704B54
:104470007833984203D06E4B8C3398427ED1884279
:1044800011D06B49143188420DD0694928318842D6
:1044900009D067493C31884205D06549503188428E
:1044A00001D06349643184F8352084F834500268BF
:1044B00060490A40A16840297ED080297DD0002132
:1044C000E36841EAD301236941EAD301636941EA20
:1044D000D301A36941EAD301E36941EAD301236A25
:1044E00041EA1311114301605149206849420844CF
:1044F0001421B0FBF1F08000E0652046FDF760FC80
:1045000094F85C1001F01F02012191404160206885
:10451000B84256D043491831884252D0404550D015
:1045200048454ED050454CD058454AD03D49903131
:10453000884246D03B49A831884242D03A49884215
:104540003FD03949183188423BD037493031884211
:1045500037D035494831884233D0334960318842B9
:104560002FD03149783188422BD02F499031884261
:1045700027D02D49A831884223D000E02DE02C49D6
:1045800088421ED02A49143188421AD0284928313D
:10459000884216D026493C31884212D024495031F5
:1045A00088420ED02249643188420AD020497831AD
:1045B000884206D01E4901E00AE00BE08C318842B7
:1045C00029D12046FDF75CFCA06880280CD00CE0C7
:1045D000102175E74FF4804172E7402060650320A9
:1045E00084F835000120C1E66560216E20790860FD
:1045F000D4E9191048606068401E072808D8204692
:10460000FDF78EFCE06E0560D4E91C10486002E006
:10461000E566256765676565012084F8350000203B
:10462000A4E6000010000240100402403F8010FE8B
:10463000085402580F00FEFF2DE9F84F04460020F1
:104640000090002C15D094F83400012813D00120DC
:1046500084F8340094F835500020012D0DD04FF42B
:104660000061616584F83400012000900098BDE885
:10467000F88F0120FBE70220F9E7022584F8355086
:104680006065A54DA44EA44F1835DFF88CC23036B6
:10469000DFF884824837DFF88092DFF87CA208F1E7
:1046A0006008DFF874B209F1780920680AF1900A0D
:1046B0000BF1A80B60453BD0A84239D0B04237D0AF
:1046C000B84235D0404533D0484531D050452FD041
:1046D00058452DD0DFF844C2604529D0DFF83CC2F0
:1046E0000CF1180C604523D0DFF830C20CF1300C0F
:1046F00060451DD0DFF824C20CF1480C604517D08E
:10470000DFF818C20CF1600C604511D0DFF80CC264
:104710000CF1780C60450BD0DFF800C20CF1900C66
:10472000604505D0DFF8F4C10CF1A80C604506D156
:10473000D0F800C02CF0010CC0F800C005E0D0F8A3
:1047400000C02CF0010CC0F800C02046FDF762FC50
:104750007149206888422CD0A8422AD0B04228D083
:10476000B84226D0404524D0484522D0504520D0DC
:1047700058451ED0694A90421BD0684A1832904270
:1047800017D0664A3032904213D0644A4832904281
:104790000FD0624A603290420BD0604A7832904229
:1047A00007D05E4A9032904203D05C4AA8329042D1
:1047B0000DD1026822F01E0242F016020260206C47
:1047C00090B12068026842F0080202600CE00268C2
:1047D00022F00E0242F00A020260206C20B1206832
:1047E000026842F004020260206888424BD0A8426E
:1047F00049D0B04247D0B84245D0404543D0484563
:1048000041D050453FD058453DD0444A90423AD0DF
:10481000424A1832904236D0404A3032904232D02A
:104820003E4A483290422ED03C4A603290422AD0D2
:104830003A4A7832904226D0384A9032904222D07A
:10484000364AA83290421ED0354A90421BD0344A94
:104850001432904217D0324A2832904213D0304A54
:104860003C3290420FD02E4A503290420BD02C4A0C
:104870006432904207D02A4A7832904203D0284AC4
:104880008C3290420DD1206E0268D20303D50268AB
:1048900042F480720260E06E18B1026842F48072E5
:1048A0000260206888422CD0A8422AD0B04228D08A
:1048B000B84226D0404524D0484522D0504520D08B
:1048C00058451ED0154988421BD0144918318842DA
:1048D00017D012493031884213D0104948318842EC
:1048E0000FD00E49603188420BD00C497831884294
:1048F00007D00A499031884203D00849A83188423C
:1049000004D1016841F001010160AFE6016841F0A6
:1049100001010160AAE600001000024010040240FC
:104920000854025870B5044600F0B8FE0546601CF5
:1049300002D004480078044400F0B0FE401BA042BE
:10494000FAD370BD2400002410B590F89830012BE4
:1049500008D0022B06D050F89C1F41F002010160E4
:10496000012010BD03689C6D0C4204D1DC6D44F045
:104970000104DC6505E09C6D31EA04041CD00324CD
:10498000DC658B0504D5036853F8E04F14431C60C5
:104990004B0504D5036853F8E44F14431C600068CA
:1049A000426D084B0B401A4342650748026842EAD1
:1049B00091710160002010BDDC6D44F00204DC65E3
:1049C000DFE70000FFFFCF3F14A8004070B50446AA
:1049D00094F89800022806D054F89C0F40F0080084
:1049E0002060012070BD2068D0F8C03013F07C5FDB
:1049F0000AD0D0F8C4309B020DD554F89C0F40F477
:104A000000702060012070BD54F89C0F40F0200021
:104A10002060012070BDD0F8C400C0F304452046DA
:104A20002B46FDF7B7FE21680120A840C1F8D00051
:104A3000C4F89400002070BD704710B590F898201D
:104A4000012A08D0022A06D050F89C1F41F002012A
:104A50000160012010BDCA680B688BB1072A0B6981
:104A600043EA42732BD00C7A4A6942EA847249685D
:104A7000006F00EBC100036042604FF0000010BD0A
:104A8000072A10D00C7A4FEAC2624B6943EA84735A
:104A90000C8A42EA044243EA02034968C06E00EB12
:104AA00081000360E9E70B8A4FF060548A6942EAAB
:104AB0000343CA6944EA022243EA0203EDE78A6932
:104AC000D5E730B5039C90F89850012D06D050F8EA
:104AD0009C1F41F004010160012030BD0068090104
:104AE00041EA820141EA43012143C0F880100020DD
:104AF00030BD704770470000F0B5002490F8985022
:104B0000022D06D050F89C1F41F0080101600120E1
:104B1000F0BD40294FF000460BD0412936D0056D3D
:104B20008D4260D850F89C1F41F0200101600120A7
:104B3000F0BD0568D5F8A07017F4FE0F18D0D5F8B1
:104B4000A4707F061BD0D5F8A470FF0105D5D5F859
:104B5000A070B6EBD77F00D10124D5F8A450C5F3DF
:104B600005252C44456C466F654306EB85063FE002
:104B700050F89C1F41F0200101600120F0BD50F869
:104B80009C1F41F4807101600120F0BD0568D5F8DB
:104B9000B07017F4FE0F18D0D5F8B4707F061BD094
:104BA000D5F8B470FF0105D5D5F8B070B6EBD77F56
:104BB00000D10124D5F8B450C5F305252C44C56CAB
:104BC000866F654306EB850612E050F89C1F41F0A6
:104BD000200101600120F0BD50F89C1F41F480715C
:104BE00001600120F0BD456DC66F4D4306EB8506A3
:104BF000356805F0804555602DB3356825F0604572
:104C00001560356805F000559560356805F000457C
:104C10001561B588ADB2D561756805F47025D560AC
:104C2000756805F480155561756805F40015956182
:104C30007568C5F30665156275680836ED0F55622F
:104C40000025184F09E03568C5F38A451560D8E797
:104C500016F805C003F805C06D1CD2F80CC007EBB0
:104C60001C4C9CF800C0AC45F2D8402909D0412921
:104C70000BD0012220290CD200688A40C0F898206D
:104C80000DE00068C0F8A84009E00068C0F8B8402E
:104C900005E0006801F01F018A40C0F89C20002058
:104CA000F0BD0000241D0108704700002DE9FE4FF3
:104CB0000446B64F38688007391D096800EA8170DC
:104CC00002902068016D01F47041D0F854A00AEA06
:104CD000010A016D01F00F01D0F854B00BEA010B8D
:104CE000016D01F0F001426D0A400192016D01F089
:104CF0007151D0F8548008EA0108016D01F060712B
:104D0000426D0A400092416D056D4FF00009CE439F
:104D1000F10509D4E943C90506D4B9150165C7F8F9
:104D200000902046FFF7C0FF700510D4E84340050F
:104D30000DD42068D0F8DC20D0F8E41011404FF4F6
:104D400080620265C7F80090204600F091FB02984F
:104D500058B18F4902980840216808650298800F71
:104D6000386002992046FFF767FEBAF1000F0BD0BA
:104D7000216887480AEA000008654FEA9A7038609F
:104D80005146204600F076FBBBF1000F0BD02168A6
:104D90007F480BEA000008654FEA9B70386059466F
:104DA000204600F0D3FA019858B17949019808409B
:104DB000216808650198800F38600199204600F04D
:104DC000FFFA30050BD4E843000508D421684FF4FE
:104DD00000600865C7F80090204600F04CFBB00565
:104DE00010D4E84380050DD42068D0F8D820D0F83E
:104DF000E01011404FF400720265C7F800902046A1
:104E000000F037FB30030BD4E843000308D42168DB
:104E10004FF400200865C7F80090204600F094FA8F
:104E2000F0030BD4E843C00308D421684FF480306A
:104E30000865C7F80090204600F019FB70030BD4FA
:104E4000E843400308D421684FF480200865C7F880
:104E50000090204600F00AFBB0030ED4E843800324
:104E60000BD421684FF400300865C7F80090D4F8DF
:104E70009C0040F08000C4F89C00009858B1444960
:104E800000980840216808650098800F38600099F4
:104E90002046FFF72FFEB8F1000F0DD021683C48E7
:104EA00008EA000008654FEA98703860D4F89C0062
:104EB00040EA0800C4F89C003649206888425BD16B
:104EC00060688168890757D0016A01F00F02416A62
:104ED0001140026A02F03002476A1740026A02F487
:104EE000C072D0F8248008EA0208026A02F4FC4288
:104EF000456A1540026A02F4F022466A1640D0F86C
:104F00002490D0F820A019B10162204600F0ABFA3D
:104F10002FB1606807623946204600F0A6FA6FEAB2
:104F2000090040060ED46FEA0A0040060AD4606801
:104F3000C16B090CC26B02F03F02402303622046A2
:104F400000F092FAB8F1000F06D06068C0F8208037
:104F50004146204600F086FA35B160680562D4F813
:104F60009C002843C4F89C0036B160680662D4F8FF
:104F70009C003043C4F89C00D4F89C00002802D068
:104F80002046FFF7B6FDBDE8FE8F000010A80040E8
:104F9000FFFFCF3F00A000402DE9F04393B004464F
:104FA0004C2295496846FBF740FA6CB1934F206854
:104FB000B84202D100F5807060604FF4407994F8F7
:104FC0009800002620B108E0012013B0BDE8F0836E
:104FD00084F89960204600F013F92068816921F077
:104FE0001001816100F05AFB05464FF003080DE007
:104FF00000F054FB401B0A2808D954F89C0F40F0DD
:105000000100206004F8048C0120DEE7206880693C
:105010000007EDD42068816941F00101816100F051
:105020003DFB05460DE000F039FB401B0A2808D97E
:1050300054F89C0F40F00100206004F8048C01201B
:10504000C3E720688069C007EDD02068816941F01E
:1050500002018161207C012839D02068816941F0FA
:1050600040018161607C012837D02068816921F48A
:1050700080418161A07C012835D02068816941F49C
:105080008051816120688169A26821F440711143D7
:1050900081612068816921F0A40181612068016932
:1050A00021F010010161E068012822D030B302280C
:1050B0002BD02068816941F08001816120680169FD
:1050C00041F010010161E068032818D022E0206857
:1050D000816921F040018161C4E72068816941F460
:1050E00080418161C6E72068816921F48051816136
:1050F000C8E72068816941F0040181610AE0206805
:10510000816941F02001816104E02068816941F0FA
:1051100020018161207E401E4106E069401E41EA77
:105120000020216A491E0843A18A491E40EA014025
:105130002168C861A06848450FD1E16AA06A491E8C
:10514000401E40EA0121206B401E41EA0011A08C64
:10515000401E41EA00402168C860206E28B12068E6
:1051600050F8C01F626E11430160D4E91701C842B4
:10517000694609D0206850F8C82FA36E22F00702B4
:1051800051F823301A430260206C48B1206850F86F
:10519000BC2F636C22F0070251F823301A430260DF
:1051A000A06C50B1206850F8BC2FE36C22F0700264
:1051B00051F8233042EA03120260206D50B120689A
:1051C00050F8BC2F636D22F4E06251F8231042EADC
:1051D000012101602068B84204D16068816821F033
:1051E0000301816044F8946FA66001202071943C13
:1051F0002046FDF7F7F9E8E6341D010800A000405D
:105200002DE9F04186B00446142101A8FBF734F9DA
:10521000474B002522680227464C4FF0090CDFF867
:105220000C8119680C3C434E4348491C424527D128
:105230001960012907D1316841F48071316031680A
:1052400001F480710091216841F00801216021681A
:1052500001F0080100910321019102970395049543
:10526000CDF814C001A900F007F90022062113208F
:1052700000F0B8FA132000F0A7FA06B0BDE8F081FC
:10528000DFF8B880424526D11960012907D130687E
:1052900040F480703060306800F4807000902068C6
:1052A00040F002002060206800F0020000906020C2
:1052B0000190029703950495CDF814C001A92048E8
:1052C00000F0DAF800220521142000F08BFA1420F7
:1052D00000F07AFAD1E7DFF86CC06245CDD11960F1
:1052E000012907D1316841F480713160316801F4DE
:1052F00080710091216841F008012160216801F06E
:10530000080100914FF440510191029703950495D3
:105310000521059101A900F0AFF8002205219F2089
:1053200000F060FA9F2000F04FFAA6E700A00040CE
:1053300020000024EC440258000C025800A4004055
:105340000004025800D400407047000010B5044625
:10535000C8072DD017492068884229D11648402116
:10536000FBF78AF8144B40212046A3F12802FFF7EF
:10537000C3FB11492839086890B1032808D00428D4
:1053800016D1CA682831BDE810400C480BF050B95E
:10539000CA680A48BDE81040074938380BF048B9D8
:1053A000CA680648BDE810400349A8300BF08CB924
:1053B00010BD000000A00040BC8B0024AC8700247E
:1053C00010B50446C8062DD517492068884229D152
:1053D00016484021FBF750F8144B41212046A3F119
:1053E0002802FFF789FB11492839086890B1032882
:1053F00008D0042816D1CA682831BDE810400C48EE
:105400000BF016B9CA680A48BDE810400749383899
:105410000BF00EB9CA680648BDE810400349743065
:105420000BF052B910BD000000A40040248C0024F1
:105430001C88002490F89810012906D050F89C1F71
:1054400041F00401016001207047022180F89810AA
:1054500001688A6922F001028A610021C0F89C106B
:10546000002070477047704770477047704770471B
:1054700070477047704770472DE9F84F0022784D0C
:1054800003264FF001080F274FF0B04CE1E008FA77
:1054900002F31C409A46002C7ED00B7903F00303E4
:1054A000012B01D0022B1BD1D0F80890530006FA33
:1054B00003FB29EA0B09D1F80CB00BFA03FB4BEA0A
:1054C000090BC0F808B0436823EA0A0391F8049076
:1054D000C9F3001909FA02F949EA0309C0F804906E
:1054E0000B79DB439B070ED0D0F80C90530006FAE3
:1054F00003FA29EA0A09D1F808A00AFA03FA4AEAE3
:10550000090AC0F80CA00B7903F00303022B14D195
:10551000D30800EB8303D3F820A04FEA42794FEA87
:10552000D96907FA09FB2AEA0B0AD1F810B00BFA7D
:1055300009FB4BEA0A0BC3F820B0D0F800905300E7
:1055400006FA03FA29EA0A0991F804A00AF0030A04
:105550000AFA03FA4AEA090AC0F800A04B6813F4F1
:10556000403F75D03F4BD3F8009049F00209C3F893
:1055700000901B6803F00203009322F0030909F175
:10558000B049D9F808B493074FEA137A07FA0AF337
:105590002BEA030B344B00E05AE0984201D1002380
:1055A00028E0324B984201D1012323E0304B98424E
:1055B00001D102231EE02F4B984201D1032319E0B1
:1055C0002D4B984201D1042314E02C4B984201D179
:1055D00005230FE02A4B984201D106230AE0294B0C
:1055E000984201D1072305E0274B984201D10923B6
:1055F00000E00A2303FA0AF343EA0B03C9F808346C
:10560000DCF80030A343D1F804905FEAC92900D543
:105610002343CCF80030DCF80430A343D1F80490E5
:105620005FEA892900D52343CCF804306B68A34393
:10563000D1F804905FEA893900D523436B602B6869
:10564000A343D1F804905FEAC93900D523432B6006
:10565000521C0C6834FA02F37FF419AFBDE8F88FDE
:1056600080000058F4440258000002580004025818
:1056700000080258000C025800100258001402588A
:1056800000180258001C025800240258002A01D0B9
:10569000816170470904816170470000014880689A
:1056A00070470000240000240248816802781144F9
:1056B000816070472400002410B5032000F0B2F888
:1056C00002F0E4F90F490A68C2F303230E4AD35CDF
:1056D00003F01F03D840096801F00F01515C0B4A29
:1056E00001F01F0120FA01F11160094908600F2043
:1056F00000F010F808B1012010BD00F053F80020B0
:1057000010BD000018440258A81D010834000024F0
:105710003000002410B58AB00446102C30D200228C
:1057200021461C2000F05EF81C2000F04DF81948BE
:1057300004601948016841F001010160006800F04F
:105740000100009001A902A802F02AF90798C8B147
:1057500002F078F940001149B0FBF1F1491E104800
:105760004FF08042026040F2E732C26041600021A7
:105770000161816003F0B6F938B101200AB010BDB3
:105780000120FBE702F05EF9E5E7054803F006FAC1
:10579000F4E7000028000024E844025840420F00CB
:1057A000F40A002482B00748016841F00201016058
:1057B000006800F00200019000220F21901E02B04C
:1057C00000F010B8F4440258002809DB012100F071
:1057D0001F0291404009800000F1E020C0F8001154
:1057E00070470000F0B40D460D4B1B68C3F3022355
:1057F000C3F10704042C00D90424191D072901D280
:10580000002300E0DB1E012606FA04F1491E2940B0
:1058100099409E40761E16403143F0BC09F077BE99
:105820000CED00E000F00701054A10684FF6FF0399
:10583000184040EA01200349084310607047000007
:105840000CED00E00000FA0501680122C0F8002517
:10585000002280F8F424886940F000608861486D77
:10586000024A104348650020704700000300001002
:105870007047006841620020704770B50368586A3D
:10588000002907D09C6A00EB14440020491E4FF405
:1058900082750AE040EA024098620DE005EB80065E
:1058A0009E5904EB1644401CC0B28842F6D305EB67
:1058B000810144EA02405850002070BDD0F808052C
:1058C00007F043BF01EBC10200EB8202D0F80805EC
:1058D000926C07F067BE01EBC10200EB8202D0F8C8
:1058E0000805D2F8882207F0CBBED0F8080507F0EB
:1058F0002EBF0A0601F00F0101EBC10100EB81018F
:1059000001D53C3101E001F51F71006808F0ECBFE2
:1059100070B504464FF0010201F00F004FF0000592
:105920000B0600EBC00104EB810102D53C314A704B
:1059300002E001F51F714D70087094F8BC04012855
:1059400008D084F8BC24206808F0ECFC84F8BC542F
:10595000002070BD022070BD70B5044601F00F003C
:105960006268904201D9012070BD0B064FF0010220
:1059700001F00F014FF0000501EBC10104EB8101C3
:1059800002D53C314A7002E001F51F714D708D70F7
:10599000087094F8BC04012808D084F8BC2420685E
:1059A00008F024FE84F8BC54002070BD022070BDB5
:1059B00001F00F0101EBC10100EB8100D0F8900272
:1059C00070472DE9F04104464FF0010601F00F0049
:1059D0004FF000050F0600EBC00104EB810102D57A
:1059E0003C314E7002E001F51F714D7008708A6005
:1059F0000B714A7802B14883022B00D14D7194F8A3
:105A0000BC04012809D084F8BC64206808F06AFA54
:105A1000284684F8BC54BDE8F0810220FBE710B5AD
:105A200001F00F0404EBC40100EB810101F51F71CB
:105A3000CA600B6100234B614B700C70C368012B73
:105A400000D1CA61027B006808F028FE002010BD6A
:105A500070B504460D4605F00F006168884201D913
:105A6000012070BD29064FF000064FF0010206D557
:105A700000EBC00104EB81013C314A7006E005EB0C
:105A8000C50104EB810101F51F714E708A70087029
:105A900094F8BC04012807D084F8BC24206808F0DE
:105AA000D1FD280702D007E0022070BD217B04F25F
:105AB000C442206808F070FD84F8BC64002070BD0A
:105AC00010B501F00F0404EBC40100EB81013C317F
:105AD000CA600B6100234B6101234B700C70C368DB
:105AE000012B00D1CA61027B006808F0D7FD0020BD
:105AF00010BD2DE9F84F04462568284608F0A2FF9E
:105B000000287ED1206808F0C9FF002879D0D5F898
:105B10000808C0F30D20C4F8FC04206808F0BEFF9C
:105B2000800704D52068416901F0020141612068C5
:105B300008F0B4FFC10604F2C440009035D52068D7
:105B4000816921F0100181612F6A07F00F0000EBDD
:105B5000C00004EB800606F51F76C7F34340022819
:105B600002D0062812D01BE047F6F070074217D08B
:105B7000C7F30A12F1681746284608F093FFF06849
:105B80003844F06070693844706109E00099082277
:105B9000284608F087FF7069C7F30A11084470614E
:105BA0002068816941F010018161206808F076FF6A
:105BB00000034FF0080B4FF000094FF001085ED5CD
:105BC0000026206808F049FF824655E05FEACA7067
:105BD0004FD02068F1B208F059FF0746F80707D008
:105BE00005EB4610C0F8088B3146204605F05AF9FF
:105BF000380709D505EB4610C0F808BB31462046EA
:105C000000E016E205F02AF9F80604D505EB461186
:105C10001020C1F8080BB8071CD56869000605D527
:105C2000D5F8040840F48061C5F8041806EBC600F6
:105C300004EB800000F51F70C178012905D180F8C0
:105C400003902046F1B200F0FAF905EB461102206C
:105C5000C1F8080BB80604D505EB46102021C0F8A2
:105C6000081BB80405D505EB46104FF40051C0F8E9
:105C7000081B761C4FEA5A0ABAF1000FA6D1206819
:105C800008F00CFF40036CD5206808F0DFFE824668
:105C9000002663E05FEACA705DD02068F1B208F0C8
:105CA000E3FE0746F80723D006F00F0108FA01F0DB
:105CB000D5F834188143C5F8341805EB4610C0F800
:105CC0000889E06801280FD106EBC60004EB8000CC
:105CD000D0E911211144816436B9E06C20B9206803
:105CE0000121009A08F058FC2046F1B2FFF7EAFDC6
:105CF000380703D505EB4610C0F808B9F80604D5F7
:105D000005EB46111020C1F80809780604D505EB0B
:105D100046104021C0F80819B80716D53146284664
:105D200008F05CFE06EBC60004EB80003C30C17856
:105D3000012905D180F803902046F1B200F07BF9EB
:105D400005EB46110220C1F80809380603D5314693
:105D5000204605F019F9761C4FEA5A0ABAF1000FED
:105D600098D1206808F09AFE002811DAD5F80408C6
:105D700020F00101C5F8041894F8F404012839D082
:105D8000204600F022FA2068416901F0004141619B
:105D9000206808F083FE00050BD5D5F80808C00779
:105DA00002D0204600F056FA2068416901F40061F3
:105DB0004161206808F072FE00010AD5206841693F
:105DC00001F00061416194F8F404D0B1204600F084
:105DD00041FA206808F062FEC0046ED5D5F80408C8
:105DE00020F00101C5F804182068102108F0F6FD24
:105DF00000212DE084F8F49400212046FFF738FDBF
:105E0000C1E784F8F4842068406DC0F38300C4F8CF
:105E1000F80401212046FFF72BFDDAE705EB4110DE
:105E20004FF67F3200F510608260036823F40013A0
:105E30000360C0F80822D0F8002222F40012C0F853
:105E40000022D0F8002242F00062C0F80022491C73
:105E500060688842E2D8D5F81C0840F00111C5F806
:105E60001C18206B60B1D5F8840840F00B01C5F810
:105E70008418D5F8440840F00B01C5F844180CE02C
:105E8000D5F8140842F22B010843C5F81408D5F8D8
:105E9000100840F00B01C5F81018D5F8000820F4E0
:105EA000FE61C5F80018217B2068009A08F074FB99
:105EB0002068416901F480514161206808F0EEFDDD
:105EC000800415D5206808F04FF8206808F0AAFD76
:105ED000206101F095FD227C0146206808F084FED7
:105EE000204600F05BF92068416901F400514161EE
:105EF000206808F0D3FD000707D5204600F069F9B7
:105F00002068416901F008014161206808F0C6FD80
:105F1000000615D5A86920F08001A96101260CE0D2
:105F200006EBC60004EB800090F87F02012803D145
:105F30002046F1B2FFF7DDFC761C6068B042EFD876
:105F4000206808F0ABFDC00220D5012616E005EB65
:105F50004610D0F8001906EBC60004EB800090F85C
:105F60004020012A09D1002907DA80F83F80F0B2E9
:105F700040F080012046FFF7BCFC761C6068B04210
:105F8000E5D82068416901F480114161206808F07A
:105F900085FD800230D5012026E005EB4011D1F8C7
:105FA000001B00EBC00204EB820292F88032012B4E
:105FB00019D1002917DA94F8FC3401F4803103F088
:105FC000010399420FD182F87F82A96941F08002D2
:105FD000AA616969090606D4D5F8040840F400707E
:105FE000C5F8040803E0401C61688142D5D82068E8
:105FF000416901F400114161206808F04FFD400043
:1060000007D52046FFF75AFC2068416901F080411E
:106010004161206808F042FD40070AD520684568C4
:10602000680702D52046FFF760FC206841682943D5
:106030004160BDE8F88FD0F8080507F0E1BBD0F863
:10604000080507F0F2BB2DE9F0418AB00446002CA8
:1060500005D0266894F8BD04002520B108E0012091
:106060000AB0BDE8F08184F8BC54204600F064F822
:10607000032084F8BD04F06BC00500D4E5602068FF
:1060800008F084FA04F11001684628228846FAF7DD
:10609000CCF994E80F0008F0D7F8022718B184F87B
:1060A000BD740120DCE72068002108F057FD0021C5
:1060B00001260DE001EBC10004EB80003C3046708E
:1060C0000170418305718560C5600561491CC9B2D5
:1060D00060688842EED800210DE001EBC10004EBBE
:1060E000800000F51F704570017005718560C56006
:1060F0000561491CC9B260688842EED82822414631
:106100006846FAF792F994E80F0008F08BF918B195
:1061100084F8BD740120A3E784F8385084F8BD6486
:10612000606A012802D12046FFF78EFB206808F044
:106130006BF9002094E7000010B5B0B00446B82118
:1061400002A8FAF799F913492068884220D1002063
:106150004FF48021CDE902104FF44010239002A8A3
:1061600000F018FE08B1FCF7C9F900F0B7F80A48CA
:10617000016841F000710160006800F0007001905A
:10618000002205214D20FFF72DFB4D20FFF71CFBC2
:1061900030B010BD00000440D844025870B5044629
:1061A0000125206900280ED0022801D0FCF7A6F9AD
:1061B000D4F80805294607F0A9FBD4F80805BDE87E
:1061C000704007F05CBB0025F2E7D0F8080507F047
:1061D00086BBD0F8080507F08CBB10B5044694F8D0
:1061E000BC0401280BD0012084F8BC0484F83810CA
:1061F000206808F0E3FC002084F8BC0410BD0220F5
:1062000010BDD0F8082500F2C441104607F08ABB43
:1062100010B50446206894F8BC14012909D0012166
:1062200084F8BC14C16BC90509D4A16A012902D044
:1062300005E0022010BD816B41F48031816320684C
:1062400008F0A4FB206808F0D1F8002084F8BC0412
:1062500010BD000010B50446D4F8080507F0A4FBF3
:106260002068D0F8001E41F00101C0F8001E206A2D
:10627000002804D00248016841F00601016010BD09
:1062800010ED00E070B514490A68D243520708D5F2
:10629000096801F00701814201D0012070BD002092
:1062A00070BD0A6822F0070202430A60FFF7F6F9A0
:1062B0000446094D4FF47A76083D06E0FFF7EEF903
:1062C000001BB04201D9012070BD2868C043800482
:1062D000F4D4002070BD00000C4802580248016848
:1062E00041F08071016070470C48025810B501F010
:1062F00087FB05490968054AC1F30211515C01F0A9
:106300001F01C84010BD000020440258A81D01080C
:1063100010B569490A6802F003020968C1F3051162
:10632000654B1B1D1B6803F00103634C0C34246890
:10633000C4F3CC0414FB03F300EE103AB8EE400AA9
:10634000002971D09FED5D1A9FED5D2A5A4BF7EE43
:10635000000A0833F2B3012A7DD0022A7AD001EE76
:10636000901A1968F8EE611AC2EE212AC1F30801E9
:1063700001EE901AF8EE611A40EE011A31EEA00A11
:1063800022EE800A1968C1F3462101EE101AB8EE18
:10639000411A31EE201AC0EE011ABCEEE11A80ED6E
:1063A000001A1968C1F3064101EE101AB8EE411A3D
:1063B00031EE201AC0EE011ABCEEE11A80ED011A8E
:1063C0001968C1F3066101EE101AB8EE411A71EEB8
:1063D000200A00E006E080EE201ABCEEC10A80ED43
:1063E000020A10BD344A283A1468A4061ED5126861
:1063F000C2F3C104334AE24001EE902AF8EE612A6A
:1064000001EE901A1968F8EE611A82EEA12AC1F322
:10641000080101EE901AF8EE611A40EE011A31EE11
:10642000A00A22EE000AADE741E014E001EE901A66
:106430001968F8EE611AC2EE212AC1F3080101EED3
:10644000901AF8EE611A40EE011A31EEA00A22EE1F
:10645000800A97E715E001EE901ADFED1B2A196814
:10646000F8EE611A82EEA12AC1F3080101EE901A3A
:10647000F8EE611A40EE011A31EEA00A22EE000A8F
:1064800080E701EE901ADFED112A1968F8EE611A23
:1064900082EEA12AC1F3080101EE901AF8EE611A0A
:1064A00040EE011A31EEA00A22EE000A6AE700214E
:1064B00001604160816010BD28440258000000392D
:1064C0000024744C0090D0030024744A001BB74B86
:1064D00010B569490A6802F003020968C1F3053181
:1064E000654B1B1D1B68C3F30013634C14342468F5
:1064F000C4F3CC0414FB03F300EE103AB8EE400AE8
:10650000002971D09FED5D1A5B4BF7EE000A103346
:10651000F2B39FED5B2A012A7FD0022A7CD001EEE4
:10652000901A1968F8EE611AC2EE212AC1F3080127
:1065300001EE901AF8EE611A40EE011A31EEA00A4F
:1065400022EE800A1968C1F3462101EE101AB8EE56
:10655000411A31EE201AC0EE011ABCEEE11A80EDAC
:10656000001A1968C1F3064101EE101AB8EE411A7B
:1065700031EE201AC0EE011ABCEEE11A80ED011ACC
:106580001968C1F3066101EE101AB8EE411A00E075
:1065900008E071EE200A80EE201ABCEEC10A80ED00
:1065A000020A10BD344A283A1468A4061ED512689F
:1065B000C2F3C104334AE24001EE902AF8EE612AA8
:1065C00001EE901A1968F8EE611A82EEA12AC1F361
:1065D000080101EE901AF8EE611A40EE011A31EE50
:1065E000A00A22EE000AADE741E016E001EE901AA3
:1065F000DFED252A1968F8EE611A82EEA12AC1F3AF
:10660000080101EE901AF8EE611A40EE011A31EE1F
:10661000A00A22EE000A95E713E001EE901A19682D
:10662000F8EE611AC2EE212AC1F3080101EE901AB8
:10663000F8EE611A40EE011A31EEA00A22EE800A4D
:1066400080E701EE901ADFED112A1968F8EE611A61
:1066500082EEA12AC1F3080101EE901AF8EE611A48
:1066600040EE011A31EEA00A22EE000A6AE700218C
:1066700001604160816010BD28440258000000396B
:106680000024744A0090D0030024744C001BB74BC4
:1066900010B569490A6802F003020968C1F305519F
:1066A000654B1B1D1B68C3F30023634C1C3424681B
:1066B000C4F3CC0414FB03F300EE103AB8EE400A26
:1066C000002971D09FED5D1A5B4BF7EE000A18337D
:1066D000F2B39FED5B2A012A7FD0022A7CD001EE23
:1066E000901A1968F8EE611AC2EE212AC1F3080166
:1066F00001EE901AF8EE611A40EE011A31EEA00A8E
:1067000022EE800A1968C1F3462101EE101AB8EE94
:10671000411A31EE201AC0EE011ABCEEE11A80EDEA
:10672000001A1968C1F3064101EE101AB8EE411AB9
:1067300031EE201AC0EE011ABCEEE11A80ED011A0A
:106740001968C1F3066101EE101AB8EE411A00E0B3
:1067500008E071EE200A80EE201ABCEEC10A80ED3E
:10676000020A10BD344A283A1468A4061ED51268DD
:10677000C2F3C104334AE24001EE902AF8EE612AE6
:1067800001EE901A1968F8EE611A82EEA12AC1F39F
:10679000080101EE901AF8EE611A40EE011A31EE8E
:1067A000A00A22EE000AADE741E016E001EE901AE1
:1067B000DFED252A1968F8EE611A82EEA12AC1F3ED
:1067C000080101EE901AF8EE611A40EE011A31EE5E
:1067D000A00A22EE000A95E713E001EE901A19686C
:1067E000F8EE611AC2EE212AC1F3080101EE901AF7
:1067F000F8EE611A40EE011A31EEA00A22EE800A8C
:1068000080E701EE901ADFED112A1968F8EE611A9F
:1068100082EEA12AC1F3080101EE901AF8EE611A86
:1068200040EE011A31EEA00A22EE000A6AE70021CA
:1068300001604160816010BD2844025800000039A9
:106840000024744A0090D0030024744C001BB74B02
:106850002DE9F04F89B0FA4CF84A80F48079DFF8DE
:10686000DC834FF080572511F64BDFF8DCA3503A5C
:1068700059EA0109A8F104064FF0005C31D0DFF8B5
:10688000BC9380F4806B5BEA010B09F1080974D0BA
:1068900080F4006B5BEA010B6AD080F4805B5BEAFA
:1068A000010B77D080F4005B5BEA010B4FF4803A78
:1068B0004FF4003E6FD080F4002B5BEA010B6BD0ED
:1068C00080F4803B5BEA010B67D080F480460E4386
:1068D00074D080F40040084371D0002009B0BDE8B6
:1068E000F08FD8F8000000F00700052843D2DFE859
:1068F00000F0030D174021001068800104D506A8A0
:10690000FFF706FD0798E9E70020E7E710680001B8
:1069100004D503A8FFF7DCFD0398DFE70020DDE7DF
:106920001068800004D56846FFF7B2FE0098D5E7EE
:106930000020D3E7306800F040501168490700D5C7
:1069400030B11168C90509D5B84207D12846C5E755
:106950001068C0F3C10024FA00F0BFE71168890392
:1069600003D5604501D11846B8E70020B6E704E03A
:106970005BE05046B2E70020B0E7D9F8000000F431
:106980006000B0F5800F27D008DC78B1B0F5001FAB
:106990000AD117E09BE0ECE030E174E1B0F5C00F04
:1069A00041D0B0F5000F21D0002097E7106880019A
:1069B00006D506A8FFF7ACFC07988FE77FE1C3E197
:1069C00000208BE71068000104D503A8FFF780FDC5
:1069D000039883E7002081E71068800004D56846AB
:1069E000FFF756FE009879E7002077E7306800F05F
:1069F00040501168490700D530B11168C90509D563
:106A0000B84207D1284669E71068C0F3C10024FAEC
:106A100000F063E71168890303D5604501D118468A
:106A20005CE700205AE7504658E7D9F8000000F02C
:106A3000E060B0F1007F21D004DC58B1B0F1807F7C
:106A400006D111E0B0F1407F3FD0B0F1806F1FD090
:106A5000002043E71068800104D506A8FFF758FC22
:106A600007983BE7002039E71068000104D503A828
:106A7000FFF72EFD039831E700202FE71068800014
:106A800004D56846FFF704FE009827E7002025E7B5
:106A9000306800F040501168490700D530B11168E6
:106AA000C90509D5B84207D1284617E71068C0F3D1
:106AB000C10024FA00F011E71168890303D560458D
:106AC00001D118460AE7002008E7504606E7D8F843
:106AD000000000F4E040B0F5005F21D004DC58B1C4
:106AE000B0F5805F06D111E0B0F5405F3FD0B0F562
:106AF000804F1FD00020F1E61068800104D506A861
:106B0000FFF706FC0798E9E60020E7E610680001B9
:106B100004D503A8FFF7DCFC0398DFE60020DDE6E0
:106B20001068800004D56846FFF7B2FD0098D5E6EE
:106B30000020D3E6306800F040501168490700D5C6
:106B400030B11168C90509D5B84207D12846C5E654
:106B50001068C0F3C10024FA00F0BFE61168890391
:106B600003D5604501D11846B8E60020B6E6504688
:106B7000B4E6D8F8000000F4E020B0F5403F24D09F
:106B80000CDC98B1504514D070450DD110688000D0
:106B900019D56846FFF77CFD01989FE6B0F5802F78
:106BA0001ED0B0F5A02F22D0002097E600F04AFFBB
:106BB00094E61068000104D503A8FFF789FC049847
:106BC0008CE600208AE6002088E61068400705D59C
:106BD0001068C0F3C10024FA00F07FE600207DE6D3
:106BE0001068C00501D5284678E6002076E61068D2
:106BF000800301D5184671E600206FE6D9F8000041
:106C000000F4403088B1504522D0704539D1306809
:106C100000F040501168490700D518B31168C90544
:106C200026D5B84224D1284658E6106800010DD573
:106C300003A8FFF74DFC039850E6000050440258AB
:106C40000090D00300366E010080BB00002045E6B6
:106C50001068800004D56846FFF71AFD02983DE6EB
:106C600000203BE61068C0F3C10024FA00F035E6CE
:106C70001168890303D5604501D118462EE600202E
:106C80002CE600202AE6306800F4803048B15045F8
:106C900013D1106800010ED503A8FFF719FC059861
:106CA0001CE61068800104D506A8FFF731FB0798A1
:106CB00014E6002012E6002010E600200EE6D9F8C7
:106CC000000000F0E040B0F1405F24D00CDC98B14F
:106CD000B84214D060450DD11068800019D56846BF
:106CE000FFF7D6FC0198F9E5B0F1804F1ED0B0F166
:106CF000A04F22D00020F1E5FFF7F8FAEEE510688A
:106D0000000104D503A8FFF7E3FB0498E6E50020A3
:106D1000E4E50020E2E51068400705D51068C0F3FF
:106D2000C10024FA00F0D9E50020D7E51068C005BD
:106D300001D52846D2E50020D0E51068800301D5B2
:106D40001846CBE50020C9E5D8F8000000F0405017
:106D500058B1B84210D060451AD11068000115D55D
:106D600003A8FFF7B5FB0498B8E51068800301D5C8
:106D70001846B3E50020B1E51068800104D506A8E7
:106D8000FFF7C6FA0798A9E50020A7E50020A5E5CA
:106D90000020A3E52DE9FC5F044600250026F94FFD
:106DA0002068DFF8E493C043010104F1080001907A
:106DB00004F1280000900DD4606EB8B1B0F5801FCA
:106DC00019D0B0F5001F1CD0B0F5401F00D0012530
:106DD000EDB12E462088C043C00535D4A06D0528EE
:106DE0002FD2DFE800F01D22282F2F00386840F452
:106DF00000303860ECE70198022104F043FA0546C0
:106E0000E6E70098022104F0CFFA0546E0E7D9F85A
:106E10000000616E20F440100843C9F80000D9E773
:106E2000386840F4003038600CE00198002104F02C
:106E300029FA054606E00098002104F0B5FA054657
:106E400000E00125A5B12E462088DFF84083C0432D
:106E500040051FD4D4F8A400B0F5C00F18D010DC42
:106E600050B3B0F5001F2CD0B0F5800F0FD12EE03D
:106E7000D9F80000A16D20F007000843C9F8000010
:106E8000E2E7B0F5000F03D0B0F5200F00D00125E8
:106E90001DB32E462088C043000531D4D4F8A80085
:106EA000B0F1407F2AD022DCF0B3B0F1807F4BD02C
:106EB000B0F1007F21D14DE0386840F400303860F7
:106EC000E6E70198002104F0DDF90546E0E70098C7
:106ED000002104F069FA0546DAE7D8F80000D4F892
:106EE000A41020F460000843C8F80000D2E7B0F115
:106EF000806F03D0B0F1A06F00D0012585B32E467E
:106F00002068C04380010AD4E06C30B1102832D030
:106F1000202836D0302800D001258DB32E46208879
:106F2000C043C00446D400E009E0E06DB0F5005F66
:106F30005CD036DCA0B3B0F5805F38D150E0386863
:106F400040F400303860D9E70198002104F09AF944
:106F50000546D3E70098002104F026FA0546CDE760
:106F6000FFE7D8F80000D4F8A81020F0E06008434C
:106F7000C8F80000C4E7386840F400303860CCE757
:106F800005E00198022104F07DF90546C5E77E4839
:106F9000001F0168E26C21F0300111430160BEE77F
:106FA00019E0B0F5405F03D0B0F5804F00D0012567
:106FB00015B32E462088C04380042FD4206EB0F530
:106FC000403F29D021DC38B3B0F5803F38D0B0F550
:106FD000003F20D13AE0386840F400303860E7E7FD
:106FE0000198002104F04EF90546E1E700980021E0
:106FF00004F0DAF90546DBE7D9F80000E16D20F48A
:10700000E0400843C9F80000D4E7B0F5802F03D072
:10701000B0F5A02F00D00125F5B12E462088C04341
:1070200040042BD4D4F8AC00B0F1405F24D01CDC79
:1070300010B3B0F1805F4FD0B0F1005F1BD152E0D0
:107040000198012104F01EF90546E5E700980121A9
:1070500004F0AAF90546DFE7D9F80000216E20F414
:10706000E0200843C9F80000D8E7B0F1804F03D012
:10707000B0F1A04F00D00125A5B32E462088C04313
:1070800000040AD4E06E30B1B0F1805F3DD0B0F1C1
:10709000005F3FD00125B5B32E462068C043C00134
:1070A0000AD4A06C30B1012843D0022846D003286E
:1070B00000D0012545B32E462068C04340025AD473
:1070C000DFF8CCB0DBF8000040F48070CBF80000B3
:1070D000FEF7E4FA824648E00198012104F0D2F874
:1070E0000546C9E705E00098012104F05DF9054671
:1070F000C2E7D8F80000D4F8AC1020F0E040084314
:10710000C8F80000BAE70BE01EE0386840F4003031
:107110003860C0E70198012104F0B4F80546BAE7E9
:10712000D9F80000E16E20F040500843C9F8000093
:10713000B3E7386840F400303860BBE701980221BB
:1071400004F0A0F80546B5E70F48001F0168A26CDF
:1071500021F0030111430160AEE7FEF79FFAA0EBB7
:107160000A00642801D9032503E0DBF80000C0050C
:10717000F3D58DB12E462078DFF818A0C043C007A4
:1071800063D073E02C4402585044025858440258CB
:107190000048025854440258DFF850B4DBF80000AD
:1071A000B4F8B01000F4407001F44071884211D07E
:1071B000DBF8000020F44070DBF8001041F480316F
:1071C000CBF80010DBF8001021F48031CBF8001070
:1071D000CBF80000D4F8B000B0F5807F11D1FEF7F5
:1071E0005DFA824609E0FEF759FAA0EB0A0141F286
:1071F0008830814201D9032503E0DBF800008007D5
:10720000F1D50DB12E46B6E7D4F8B000C0F3012198
:1072100003290FD0F5486038016821F47C510160E2
:10722000DBF80000B4F8B010C1F30B010843CBF851
:107230000000A0E7ED4960390A68ED4B22F47C526A
:10724000184042EA10100860EAE7A06F18280BD037
:1072500005DC48B1082815D0102804D118E02028F2
:1072600002D0282800D00125C5B12E462078C04381
:1072700080072BD4606F062825D2DFE800F02518A0
:107280001E2525250198012103F0FCFF0546EBE7AB
:107290000098012104F088F80546E5E7DAF80000D7
:1072A000A16F20F038000843CAF80000DEE701981B
:1072B000012103F0E7FF054606E00098012104F0F4
:1072C00073F8054600E001256DB12E462078C043D5
:1072D000400720D4D4F89000062819D2DFE800F047
:1072E000190C12191919DAF80000616F20F0070063
:1072F0000843CAF80000E9E70198012103F0C2FF42
:10730000054606E00098012104F04EF8054600E02D
:10731000012595B12E462078C043800620D4D4F8AC
:107320008C00B0F1405F19D011DCB8B1B0F1805FD2
:1073300028D0B0F1005F10D12AE0D8F80000D4F8CE
:10734000901020F007000843C8F80000E3E7B0F110
:10735000804F03D0B0F1A04F00D00125F5B12E46EB
:107360002078C04340062CD4D4F89800B0F5406F84
:1073700025D01DDC18B3B0F5806F34D0B0F5006FA8
:107380001CD136E00198002103F07CFF0546E5E7BB
:107390000098022104F008F80546DFE7DAF800005B
:1073A000D4F88C1020F0E0400843CAF80000D7E77A
:1073B000B0F5805F03D0B0F5A05F00D00125F5B136
:1073C0002E462078C04300062CD4D4F89C00B0F59B
:1073D000C04F25D01DDC18B3B0F5005F2CD0B0F540
:1073E000804F1CD12EE00198002103F04BFF054691
:1073F000E5E70098022103F0D7FF0546DFE7D8F85C
:107400000000D4F8981020F4E0500843C8F80000B9
:10741000D7E7B0F5004F03D0B0F5204F00D00125DD
:10742000B5B12E462078C04300072AD4D4F8800096
:10743000B0F5805F16D01BE00198002103F022FF19
:107440000546EDE70098022103F0AEFF0546E7E7A9
:10745000D8F80000D4F89C1020F460400843C8F825
:107460000000DFE70098022103F09EFF00B1012633
:10747000DAF80000D4F8801020F440500843CAF82D
:1074800000002078C043C00613D4D4F89400B0F5AF
:10749000807F05D10098022103F086FF00B101260C
:1074A000D8F80000D4F8941020F440700843C8F8CD
:1074B00000002068C04300030BD4D4F8A000E8B358
:1074C000B0F5803F7DD0B0F5003F00D00125B5B3C9
:1074D0002E462068C04340030DD4D4F88400B0F594
:1074E000801F70D0B0F5001F6ED0B0F5401F00D0E7
:1074F00001252DB32E462068C043C00307D4206D5C
:10750000F0B3B0F5803F75D00125D5B32E46206885
:10751000C043800005D40098022103F045FF00B16C
:1075200001262068C043800311D4E06F68B1B0F534
:10753000807F76D0B0F5007F07D002E05BE066E0A8
:107540007BE0B0F5407F00D00125DDB32E462068FA
:10755000C043C00207D4D9F80000216F20F00040DA
:107560000843C9F800002068C043800207D4D9F856
:107570000000A16E20F080700843C9F8000001E00F
:1075800065E06FE02068C04340000AD417486038C7
:10759000016821F4004101600168D4F8B42011436E
:1075A00001602068C04307D4104824380168626D28
:1075B00021F04051114301602068C04300020DD406
:1075C00003E01EE05BE02DE031E0DAF80000D4F8E3
:1075D000881020F440000843CAF8000020790025F4
:1075E000C04300F00100284352D057E070440258D5
:1075F000FFFCFF0F30E00198002103F043FE054639
:1076000065E70098022103F0CFFE05465FE7D8F852
:107610000000D4F8A01020F440300843C8F800005F
:1076200057E727E0386840F40030386061E7009899
:10763000012103F0B9FE05465BE7DAF80000D4F853
:10764000841020F440100843CAF8000053E738685B
:1076500040F40030386058E70198022103F012FE30
:10766000054652E72E480168226D21F4803111430E
:1076700001604CE7386840F40030386065E7DAF8BC
:107680000000E16F20F440700843CAF800005EE794
:107690000198002103F0F6FD00B106462079C043B1
:1076A00000F00200284305D10198012103F0EAFD12
:1076B00000B106462079C04300F00400284305D1FC
:1076C0000198022103F0DEFD00B106462079C04397
:1076D00000F00800284305D10098002103F064FE63
:1076E00000B106462079C04300F01000284305D1C0
:1076F0000098012103F058FE00B106462079C043EE
:1077000000F02000054305D10098022103F04CFE53
:1077100000B1064616B10120BDE8FC9F0020FBE742
:107720004C4402582DE9F05F04460D46002C17D05A
:10773000DFF84C82D8F8000000F00F00A84211D208
:10774000D8F8000020F00F002843C8F80000D8F84F
:10775000000000F00F00A84204D00120BDE8F09F17
:107760000120FBE72078874E40070AD52069316861
:1077700001F07001884204D9316821F070010143A1
:1077800031602078804F00070AD56069396801F0C0
:107790007001884204D9396821F0700101433960D1
:1077A0002078C0060AD5A069396801F4E0618842F2
:1077B00004D9396821F4E061014339602078DFF8A9
:1077C000CC9180060DD5E069D9F8001001F0700168
:1077D000884206D9D9F8001021F070010143C9F898
:1077E0000010207880070AD5E068316801F00F01A9
:1077F000884204D9316821F00F01014331602078BB
:10780000C00743D03068A16820F47060084330603E
:107810005C4960681839022808D003280BD0012879
:107820000ED00968490710D4012097E70968890339
:107830000BD4012092E70968890106D401208DE765
:107840000968C90501D4012088E7DFF838A1AAF149
:10785000080ADAF8001021F007010143CAF8001005
:10786000FDF71CFF834609E0FDF718FFA0EB0B01B5
:1078700041F28830814201D903206FE7DAF8000035
:10788000616800F03800B0EBC10FEDD120788007BF
:107890000AD5E068316801F00F01884204D23168EE
:1078A00021F00F0101433160D8F8000000F00F0013
:1078B000A8420ED9D8F8000020F00F002843C8F8DD
:1078C0000000D8F8000000F00F00A84201D001200D
:1078D00044E7207840070AD52069316801F070013B
:1078E000884204D2316821F0700101433160207870
:1078F00000070AD56069396801F07001884204D236
:10790000396821F07001014339602078C0060AD53A
:10791000A069396801F4E061884204D2396821F431
:10792000E06101433960207880060DD5E069D9F81F
:10793000001001F07001884206D2D9F8001021F041
:1079400070010143C9F8001000F0A0F83168C1F3DC
:1079500003220F498A5C02F01F02D040326802F015
:107960000F02895C0B4A01F01F0120FA01F111603E
:107970000949086009480068BDE8F05FFDF7CABE24
:1079800000200052184402581C4402582044025857
:10799000A81D010834000024300000242800002421
:1079A0003F220260144A126802F007024260124A43
:1079B0000832136803F470638360136803F00F03E5
:1079C000C360126802F0700202610B4A0C32136845
:1079D00003F070034361126802F4E0628261064AB8
:1079E0001032126802F07002C2610448006800F0B0
:1079F0000F00086070470000104402580020005239
:107A000000B500F043F80B490A68C2F303230A4AA1
:107A1000D35C03F01F03D840096801F00F01515CEB
:107A2000064A01F01F0120FA01F11160044A1060BA
:107A3000084600BD18440258A81D0108340000245F
:107A40003000002400B5FFF7DBFF05490968054A4F
:107A5000C1F30211515C01F01F01C84000BD0000DC
:107A60001C440258A81D010800B5FFF7C9FF0549CD
:107A70000968054AC1F30221515C01F01F01C840A9
:107A800000BD00001C440258A81D010830B5644820
:107A90000068654C10F03801624808D002110829CE
:107AA0000DD010290DD018290DD0104630BD2168F9
:107AB0008906FBD52168C1F3C101C84030BD10461D
:107AC00030BD5A4830BD564918310A6802F00302E9
:107AD0000968C1F30511524B1C331B6803F0010305
:107AE0004F4D24352D68C5F3CC0515FB03F300EE8F
:107AF000103AB8EE400A002977D0DFED4D0A484B26
:107B0000B7EE001A20333AB39FED4A2A012A58D023
:107B1000022A6CD001EE901A1868F8EE611AC2EED3
:107B2000212AC0F3080001EE900AF8EE611A40EE37
:107B3000201A31EE810A22EE800A1868C0F346202E
:107B4000401C00EE900AF8EE600A80EE201ABCEEAF
:107B5000C10A10EE100A30BD226892061BD52268B9
:107B6000C2F3C102D04001EE900A1868F8EE612A13
:107B700001EE901AF8EE611A82EEA12AC0F3080015
:107B800001EE900AF8EE611A40EE201A31EE810AF9
:107B900022EE000AD1E701EE901ADFED272A1868DD
:107BA000F8EE611A82EEA12AC0F3080001EE900AF5
:107BB000F8EE611A40EE201A31EE810A22EE000A38
:107BC000BBE701EE901A1868F8EE611AC2EE212A9E
:107BD000C0F3080001EE900AF8EE611A40EE201A98
:107BE00031EE810A22EE800AA7E716E0FFE701EEF8
:107BF000901ADFED122A1868F8EE611A82EEA12AB7
:107C0000C0F3080001EE900AF8EE611A40EE201A67
:107C100031EE810A22EE000A8FE7002030BD00001D
:107C2000104402580090D0030044025800366E0100
:107C3000000000390024744A0024744C001BB74B28
:107C40002DE9F05F0446002C10D02078DFF8F8838F
:107C5000FE4EFF4DC0075DD0D8F8000000F03800A0
:107C6000316810281FD0182803D006E00120BDE895
:107C7000F09F01F00300022815D06068B0F5803F46
:107C800018D0E0B1B0F5A02F22D0286820F48030C1
:107C90002860286820F480202860606860B3FDF7C1
:107CA000FDFC074624E02868800333D5606810BBDC
:107CB0000120DCE7286840F480302860EDE7286880
:107CC00020F480302860286820F480202860E4E7D1
:107CD000286840F480202860286840F480302860BC
:107CE000DBE7FDF7DBFCC01B642801D90320BEE7FE
:107CF00028688003F5D50DE0FDF7D0FC074606E0C7
:107D0000FDF7CCFCC01B642801D90320AFE728682D
:107D10008003F5D42078800764D5D8F8000000F0FF
:107D200038003168DFF8289309F1040970B1182888
:107D300001D188070AD0E068A0B3296821F01901B1
:107D400001432960FDF7AAFC07462CE0286840079C
:107D500001D5E06848B12868E16820F019000843BF
:107D60002860FDF79BFC074608E001207FE7FDF750
:107D700095FCC01B022801D9032078E7286840073A
:107D8000F5D5D9F80000217C20F0FE4040EA0160E2
:107D9000C9F8000026E0FDF781FCC01B022802D9CB
:107DA000032064E70CE028684007F4D5D9F8000008
:107DB000217C20F0FE4040EA0160C9F8000011E09B
:107DC000286820F001002860FDF768FC074606E0FF
:107DD000FDF764FCC01B022801D9032047E728688F
:107DE0004007F5D42078C00655D5D8F8000000F03B
:107DF00038003168DFF850920828A9F104090FD043
:107E0000182803D101F00300012809D0E06978B3F4
:107E1000286840F080002860FDF740FC074619E024
:107E20002868C00504D5E069802801D001201EE73C
:107E3000D9F8000094F8201020F07C5040EA01604E
:107E4000C9F8000027E0FDF729FCC01B022801D972
:107E500003200CE72868C005F5D5D9F8000094F890
:107E6000201020F07C5040EA0160C9F8000012E0C8
:107E7000FFE7286820F080002860FDF70FFC074628
:107E800006E0FDF70BFCC01B022801D90320EEE63B
:107E90002868C005F5D42078000730D5DFF8AC910C
:107EA000606909F14C09A8B1D9F8000040F001005F
:107EB000C9F80000FDF7F2FB074606E0FDF7EEFB10
:107EC000C01B022801D90320D1E6D9F800008007A1
:107ED000F4D514E0D9F8000020F00100C9F8000042
:107EE000FDF7DCFB074606E0FDF7D8FBC01B0228C8
:107EF00001D90320BBE6D9F800008007F4D420782C
:107F0000800626D5A06990B1286840F4805028608A
:107F1000FDF7C4FB074606E0FDF7C0FBC01B0228C7
:107F200001D90320A3E628688004F5D511E028686C
:107F300020F480502860FDF7B1FB074606E0FDF70E
:107F4000ADFBC01B022801D9032090E628688004FD
:107F5000F5D4207840075DD53E4F386840F48070F6
:107F60003860FDF79BFB814607E0FDF797FBA0EB30
:107F70000900642801D9032079E63868C005F4D5E2
:107F8000324FA0684837012812D0B0B105281DD063
:107F9000386820F001003860386820F0040038604C
:107FA000A06841F2883930B3FDF778FB82461EE0C5
:107FB000386840F001003860F2E7386820F00100CE
:107FC0003860386820F004003860E9E7386840F02D
:107FD00004003860386840F001003860E0E7FDF7E1
:107FE0005DFBA0EB0A00484501D903203FE6386855
:107FF0008007F4D50EE0FDF751FB824607E0FDF760
:108000004DFBA0EB0A00484501D903202FE6386854
:108010008007F4D4616AB1B1D8F800004FF6F87B5C
:10802000DFF828A00AF1080AC0F3C20003280AF109
:108030000409AAF104087CD0022911D0286820F094
:108040008070286008E0E5E0104402582844025897
:108050000044025800480258FDF720FB044689E01E
:10806000286820F080702860FDF718FB074606E0BE
:10807000FDF714FBC01B022801D90320F7E528688F
:108080008001F5D4306840F2F3318843E16A40EA78
:108090000110A16A08433060208E4FF6FF72616BB9
:1080A000401E491EC0F3080002EA41210843218F07
:1080B0004FF4FE02491E02EA0141084394F83C10C5
:1080C000491E120202EA01610843CAF80000D8F80A
:1080D000000020F00100C8F80000D9F80000A16CF1
:1080E00020EA0B0040EAC100C9F80000D8F80000FF
:1080F000216C20F00C000843C8F80000D8F80000FC
:10810000616C20F002000843C8F80000D8F80000B5
:1081100040F48030C8F80000D8F8000040F4003087
:10812000C8F80000D8F8000040F48020C8F800002B
:1081300000E023E0D8F8000040F00100C8F800009B
:10814000286840F080702860FDF7A8FA044606E031
:10815000FDF7A4FA001B022801D9032087E528684F
:108160008001F5D556E0FDF799FA001B022801D9E8
:1081700003207CE528688001F5D44BE03268DAF80A
:108180000000012921D0A36A02F0030199421CD109
:10819000E16AC2F30512914217D1216BC0F30802C4
:1081A000491E8A4211D1616BC0F34622491E914299
:1081B0000BD1A16BC0F30642491E914205D1E16B80
:1081C000C0F30660491E814201D001204FE5D9F875
:1081D0000000C0F3CC00A16C81421BD0D8F8000095
:1081E00020F00100C8F80000FDF758FA0546FDF739
:1081F00055FAA842FBD0D9F80000A16C20EA0B0088
:1082000040EAC100C9F80000D8F8000040F00100C1
:10821000C8F8000000202AE5704700002DE9F04171
:10822000044621680A694B6902EA0305D1F808800F
:10823000002094F881601B050AD5120708D58869CB
:1082400040F400608861204600F055FABDE8F081F6
:1082500005F0400105F02002114308D1690706D559
:10826000616F20468847216F20468847012005F02E
:108270004101012905D1690703D4216F20468847B0
:10828000012005F02201022905D1690703D4616F9D
:108290002046884701200028D8D128074FF0010741
:1082A0005DD52068816941F008018161206881699C
:1082B00041F0100181612068816941F400618161B0
:1082C0002068016921F0080101612068806810F4CC
:1082D000404F22D025E0E0680F2807D92068006BC6
:1082E000616E0860606E001D606611E0072807D9A6
:1082F0002068008E616E0880606E801C606607E0FA
:10830000206890F83000616E0870606E401C6066F6
:10831000B4F86A00401EA4F86A00B4F86A000028A5
:10832000D9D1204603F036FB84F88170D4F884005C
:1083300018B12046FFF770FF88E7052E07D0042EFE
:1083400009D0032E82D1204600F00EFB7EE72046A6
:1083500000F00BFB7AE7204600F0CCF976E715F445
:10836000587FE9D068060AD5D4F8840040F00400AC
:10837000C4F884002068816941F040018161A8054A
:108380000AD5D4F8840040F00100C4F884002068C5
:10839000816941F400718161E8050AD5D4F884004F
:1083A00040F00800C4F884002068816941F48071BD
:1083B0008161A8060AD5D4F8840040F08000C4F892
:1083C00084002068816941F020018161D4F8840033
:1083D0000028B1D02068016821F001010160206807
:1083E000016940F26B3291430161C8F38130032887
:1083F00005D084F881702046FFF70EFF26E720683D
:10840000816821F4404181600E4DE06F50B10565F7
:10841000E06FFBF7EDF928B1D4F8840040F040009C
:10842000C4F88400A06F002886D00565A06FFBF714
:10843000DFF900288AD054F8840F40F04000206013
:1084400004E700004FBA00082DE9F0410446002C73
:1084500012D00025A562DFF858812068554E564F8E
:1084600040450BD0B04209D0B84207D0E0680F2891
:1084700004D90120BDE8F0810120FBE7204603F08C
:10848000F2FA01462068404505D0B04203D0B84218
:1084900001D0082907D8404503D0B04201D0B842E6
:1084A00003D1102901D90120E4E794F8810020B913
:1084B00084F88050204600F081F8022084F8810082
:1084C0002068016821F0010101602068816801F4E1
:1084D000F812A169B1F1806F0ED16168B1F5800F1A
:1084E00001D1A36B23B139B9A16BB1F1805F03D185
:1084F000016841F480510160606840020AD5E0687B
:10850000072807D320680168236D21F4807119437F
:10851000016004E02068016821F480710160A16AB3
:10852000E0690843E16B11430843E16808432168AF
:108530008860616A606BA2690843A16B11430843BC
:108540002169084361690843216A08436168084357
:10855000E16C0843A1680843A16C0843A16D08437E
:108560002168C860606868B92068816821F4C051DA
:1085700041F4006181602068816821F4C06141F4A8
:10858000806181602068016D21F0010101656068F2
:10859000400206D52068C168626D21F00041114398
:1085A000C160C4F88450012084F88100002061E794
:1085B0000030014000380040003C00402DE9F0410F
:1085C000B6B00546142130A8F7F756FFB82102A827
:1085D000F7F752FF4149286888427BD18114002077
:1085E000CDE902100026199602A8FEF7D3FB08B1C8
:1085F000F9F784FF3A48016841F48041016000685E
:1086000000F48040019036480838016841F00401C8
:108610000160016801F004010191016841F002016B
:108620000160006800F002000190062030904FF0D9
:108630000208CDF8C480329603243394052734977A
:1086400030A92848FCF718FF4FF400503090CDF8BF
:10865000C48032963394349730A92348FCF70CFF3A
:10866000234C2248206027206060A660E6604FF41B
:10867000806727616661A661E6614FF44030206241
:1086800066622046FBF7E0FD08B1F9F737FFEC67BB
:10869000A5631648164C303078342060282060607E
:1086A0004020A060E66027616661A661E661C002C5
:1086B000206266622046FBF7C7FD08B1F9F71EFF8E
:1086C000AC67A563002205212420FDF78BF8242048
:1086D000FDF77AF836B0BDE8F081000000380040C0
:1086E000E8440258000802580004025810000240F2
:1086F0009C070024704770472DE9FF4F83B0044664
:108700008B461D46109F0020029094F8800001289F
:1087100013D04FF0010A84F880A0FCF7BFFF804619
:108720002E4694F881004FF00009012807D002205E
:1087300084F8809007B0BDE8F08F0220FAE7BBF123
:10874000000F2DD0059858B3280029D0052084F8B3
:108750008100C4F8849005986066A4F86A50A4F873
:108760006850C4F85CB0A4F86250A4F86050C4F833
:108770007090C4F874902068C16821F4C021C16071
:10878000206841686FF30F01294341602068016848
:1087900041F0010101606068B0F5800F04D008E08D
:1087A000012084F88090C5E72068016841F40071D9
:1087B0000160E0680F282DD83DE0206841698907F5
:1087C0000CD55DB154F85C1F096801622068001D7A
:1087D0002060E088401EE080E5885C3C20684169BC
:1087E00048F2080211420CD05EB1006B54F8641FCD
:1087F00008602068001D2060E088401EE080E68858
:10880000643CFCF74BFFA0EB0800B84201D3781C96
:1088100004D11FB155EA0600CFD17BE0204603F01A
:10882000B9F804F8809F606840F48070606084F854
:1088300001A003207EE707282BD868E02068416963
:1088400089070CD55DB154F85C1F09880184206844
:10885000801C2060E088401EE080E5885C3C206849
:108860004169C9070CD05EB1008E54F8641F0880BE
:108870002068801C2060E088401EE080E688643C20
:10888000FCF70CFFA0EB0800B84201D3781C04D120
:108890001FB155EA0600D1D13CE0204603F07AF83A
:1088A00004F8809F606840F48070606084F801A0E4
:1088B00003203FE72068416989070DD565B154F869
:1088C0005C1F097880F820102068401C2060E08838
:1088D000401EE080E5885C3C20684169C9070DD0F6
:1088E00066B190F8300054F8641F08702068401C8E
:1088F0002060E088401EE080E688643CFCF7CEFE05
:10890000A0EB0800B84201D3781C1ED1EFB155EAA4
:108910000600CFD100223B4608212046CDF800803A
:1089200003F0ABF828B1D4F8840040F02000C4F87C
:108930008400204603F02EF884F8809084F881A00B
:10894000D4F8840070B10120F4E6204603F022F848
:1089500004F8809F606840F48070606084F801A033
:108960000320E7E60298E5E670477047024A13687D
:1089700083430B43136070470404005870477047EB
:1089800070470000F0B590F83C20012A4AD001223F
:1089900080F83C20CA6800258B6822F440721A4394
:1089A0004B6822F480621A430B6822F400621A4377
:1089B0000B6922F480521A434B6922F400521A4385
:1089C0000B6B22F480421A430B8B22F4702242EA92
:1089D0000342154E0368154CB34201D0A34203D1A4
:1089E000CF6922F080523A43B34201D0A34214D15E
:1089F0000F8D22F4700242EA07520F6A22F0807251
:108A00003A434F6A22F000723A43B34201D0A34284
:108A100003D1C96A22F000520A435A6480F83C50DC
:108A20000020F0BD0220F0BD000001400004014024
:108A3000F0B590F83C20012A40D0012680F83C6037
:108A4000022280F83D2003685A689C681C4FDFF8BA
:108A500074C0BB4201D0634503D122F470054A685B
:108A60002A4322F070050A682A435A600268BA4213
:108A700019D0B2F1804F16D0134B9A4213D0134B3A
:108A80009A4210D0124B9A420DD062450BD0114B36
:108A90009A4208D0104B9A4205D0104B9A4202D00D
:108AA0000F4B9A4204D124F08003896819439160E6
:108AB0003C304670002101700020F0BD0220F0BD66
:108AC0000000014000040140000400400008004094
:108AD000000C0040001800400040014000E0004051
:108AE00000E4004010B50446002C03D094F83D008B
:108AF00010B107E0012010BD002084F83C002046A2
:108B000000F018F8022084F83D002068211D03F0D1
:108B1000ADF801203D34E0726070A070E07020710B
:108B20006071A071E07120726072A07220700020EC
:108B300010BD000038B5054614492868884224D184
:108B40001348016841F001010160006800F0010074
:108B50000090114C0F4820600B2060604020A06006
:108B60000020E0604FF4806121618900616189002B
:108B7000A161E061C900216260622046FBF764FBED
:108B800008B1F9F7BBFC6C62A56338BD0000014079
:108B9000F0440258700002407009002490F83D1023
:108BA000012901D001207047022180F83D100168A1
:108BB000CA6842F00102CA600068184988421AD0A7
:108BC000B0F1804F17D01649884214D01549884219
:108BD00011D0154988420ED0144988420BD014494F
:108BE000884208D01349884205D01349884202D0F0
:108BF000124988420CD18168114A114006290BD0D4
:108C0000B1F5803F08D0016841F00101016003E047
:108C1000016841F00101016000207047000001403F
:108C20000004004000080040000C00400004014027
:108C3000001800400040014000E0004000E4004017
:108C40000700010070B50446002594F83C00012897
:108C500015D0012684F83C60022084F83D0020688D
:108C60008268394B1A4022F47F428260086870287B
:108C700002462ED010DC10F00F0F03D022E04FF090
:108C8000020070BD4FEA201007281BD2DFE800F079
:108C9000575757574D394300B0F1101F4FD009DCDB
:108CA000B0F5805F0FD0B0F5005F1ED0B0F5801F2B
:108CB00008D144E0A0F58010203840D010283ED0E4
:108CC00020283CD001253C346670002020702846C6
:108CD00070BDCB682068D1E9012103F03EF820681F
:108CE000816841F077018160EDE7CB682068D1E9C8
:108CF000012103F032F82068816841F480418160ED
:108D0000E1E7CA684968206803F0CAF92068502181
:108D100003F02EF8D7E7CA684968206803F0D1F954
:108D20002068602103F024F8CDE7CA68496820680C
:108D300003F0B6F92068402103F01AF8C3E7206871
:108D4000114603F015F8BEE788FFCEFF704770B5F7
:108D50000446206801694FF00005C943890716D40D
:108D6000C168C943890712D4E91E01610120207737
:108D700020688069800703D02046FFF7E7FF05E001
:108D8000204600F005F9204600F0E8F92577206834
:108D90000169C943490718D4C168C943490714D4B4
:108DA0006FF004010161022020772068806910F4CF
:108DB000407F03D02046FFF7C9FF05E0204600F0C2
:108DC000E7F8204600F0CAF9257720680169C94311
:108DD000090717D4C168C943090713D46FF0080104
:108DE0000161042020772068C069800703D02046F5
:108DF000FFF7ACFF05E0204600F0CAF8204600F07F
:108E0000ADF9257720680169C943C90618D4C1683E
:108E1000C943C90614D46FF01001016108202077FE
:108E20002068C06910F4407F03D02046FFF78EFF12
:108E300005E0204600F0ACF8204600F08FF92577D9
:108E400020680169C943C90708D1C168C943C90776
:108E500004D1891E0161204600F078FA206801697A
:108E6000C943090609D4C168C943090605D46FF08E
:108E7000800101612046FFF782FD20680169C94336
:108E8000C90509D4C168C943090605D46FF48071C6
:108E900001612046FFF772FD20680169C943490658
:108EA00009D4C168C943490605D46FF04001016186
:108EB000204600F052FA20680169C94389060BD4A4
:108EC000C168C943890607D46FF0200101612046BB
:108ED000BDE87040FFF754BD70BD000030B587B0ED
:108EE0000446142102A8F7F7C7FA23480023216893
:108EF0000222224C814214D1206840F010002060F0
:108F0000206800F01000019048150290039204932D
:108F100005920120069002A91948FCF7ADFA07B0A6
:108F200030BD184D1848A94210D1216841F0020106
:108F30002160216801F002010191029203920493E1
:108F40000593069202A9FCF797FAE8E70F4DA942AC
:108F5000E5D1216841F002012160216801F00201A0
:108F60000191E9130291039204930593069202A9D9
:108F7000FCF782FAD3E7000000000140E044025809
:108F8000001002580004004000040258001800407D
:108F9000704770B504460D46002694F83C00012841
:108FA0000BD0012084F83C000C2A4FD007DC82B1A2
:108FB000042A22D0082A06D134E0022070BD102AEB
:108FC00059D0142A6BD00126002084F83C0030468A
:108FD00070BD2068294602F0D5FE2068816941F005
:108FE000080181612068816921F0040181612068A4
:108FF00081692A6911438161E6E72068294602F008
:1090000011FF2068816941F40061816120688169F4
:1090100021F480618161206881692A6941EA022125
:109020008161D1E72068294602F046FF2068C169C6
:1090300041F00801C1612068C16921F00401C161EA
:109040002068C1692A691143C161BDE720682946CA
:1090500002F07CFF2068C16941F40061C1612068B1
:10906000C16921F48061C1612068C1692A6941EA4E
:109070000221C161A8E72068294602F0A1FF20680B
:10908000416D41F0080141652068416D21F0040106
:1090900041652068416D2A691143416594E7206864
:1090A000294602F0C5FF2068416D41F40061416529
:1090B0002068416D21F4806141652068416D2A6915
:1090C00041EA022141657FE710B50446002C03D038
:1090D00094F83D0010B107E0012010BD002084F895
:1090E0003C00204600F018F8022084F83D0020687B
:1090F000211D02F0BBFD01203D34E0726070A070C4
:10910000E07020716071A071E07120726072A072D5
:109110002070002010BD000008B500680C4A0D4901
:10912000904208D1086840F002000860086800F02A
:109130000200009008BD084A9042FBD1086840F048
:1091400040000860086800F04000009008BD000082
:1091500000040040E8440258001800407047000036
:1091600030B5044600290DD004290ED008290FD0AF
:109170000C2910D0102911D094F84300012810D0E8
:10918000012030BD94F83E00F8E794F83F00F5E781
:1091900094F84000F2E794F84100EFE794F84200B9
:1091A000ECE70220F1B304294DD008294ED00C2958
:1091B0004FD0102950D084F843000122206802F0DB
:1091C000BFFD2A4A20682A4B2A49904209D098427A
:1091D00007D0884205D0284DA84202D0274DA8428A
:1091E00003D1456C45F4004545642068904218D091
:1091F000B0F1804F15D0224A904212D0214A9042BD
:109200000FD0214A90420CD098420AD01F4A904277
:1092100007D0884205D01E49884202D01D498842A5
:109220001DD100E00CE081681B4A114006291AD0CC
:10923000B1F5803F17D0016841F00101016012E0F3
:1092400084F83E00B9E784F83F00B6E784F84000B0
:10925000B3E784F84100B0E784F84200ADE7016865
:1092600041F001010160002030BD0000000001401C
:10927000000401400040014000440140004801401A
:109280000004004000080040000C004000180040AE
:1092900000E0004000E400400700010030B5044653
:1092A0000D4600222946206802F04AFD41F21112C3
:1092B00021492068931088420BD02049884208D069
:1092C0001F49884205D01F49884202D01E49884262
:1092D00009D1016A114206D1016A194203D1416CD8
:1092E00021F4004141642068016A114206D1016AFB
:1092F000194203D1016821F00101016001205DB133
:10930000042D0CD0082D0DD00C2D0ED0102D0FD00B
:1093100084F84300002030BD84F83E00FAE784F86A
:109320003F00F7E784F84000F4E784F84100F1E7F4
:1093300084F84200EEE70000000001400004014014
:109340000040014000440140004801400068B0F185
:10935000804F01D1FCF7A8B97047704790F884108E
:10936000012918D0012180F884102421C0F8881028
:1093700001680A680B6823F001030B6022F00051BA
:1093800000224266036819602021C0F8881080F826
:109390008420002070470220704710B50446D4F89E
:1093A0008C00202801D0022010BD51B14AB101200B
:1093B000E06600202067204603F0F4FA014611B170
:1093C00005E0012010BDE06E012802D00121084611
:1093D00010BD226810201062206850E8002F42F073
:1093E000100240E80023002BF6D1F0E710B500682A
:1093F0000E4A904218D119290BD80D4932220D4836
:10940000FFF7CBFF0A49BDE8104001F11C0008F04E
:1094100005B8074932220748FFF7BFFFBDE81040F3
:1094200003481921F7F728B810BD0000005000408C
:10943000648C0024E8090024704770B5044694F851
:10944000840001281DD0012084F884002420C4F861
:10945000880020680568026822F001020260206826
:10946000826822F060620A438260204602F04CFE6D
:10947000206805602020C4F88800002084F884005B
:1094800070BD022070BD70B5044694F884000128B8
:109490001DD0012084F884002420C4F888002068AE
:1094A0000568026822F0010202602068826822F0EA
:1094B00060420A438260204602F026FE2068056072
:1094C0002020C4F88800002084F8840070BD0220A9
:1094D00070BD70477047000010B5006807498842AA
:1094E0000AD1074932220748FFF757FFBDE810406D
:1094F00003481921F6F7C0BF10BD0000005000401E
:10950000648C0024E80900242DE9F0410446236816
:10951000D86919689A6840F60F0500EA0507002F18
:109520000ED185060CD501F0200502F0805635439A
:1095300006D0616F00297DD02046BDE8F041084784
:1095400000250226002F76D0CF4FDFF840C317400A
:1095500001EA0C0C57EA0C0C6DD05FEAC07C0CD011
:109560005FEAC15C09D54FF0010CC3F820C0D4F804
:10957000903043F00103C4F89030830709D5D30736
:1095800007D023681E62D4F8903043F00403C4F877
:10959000903043070AD5D30708D0266804233362E6
:1095A000D4F8903043F00203C4F8903003070CD590
:1095B00001F020033B4308D0266808233362D4F827
:1095C000903043F00803C4F8903003050BD54B01ED
:1095D00009D526684FF400633362D4F8903043F025
:1095E0002003C4F89030D4F89030002B3CD0800693
:1095F00009D501F0200002F08051084303D0616FCB
:1096000009B120468847D4F8900021688968490646
:1096100002D410F0280F2DD0204602F0D7FE20688B
:109620008068400622D52068083050E8001F21F0ED
:10963000400101E018E023E040E80012002AF2D1E6
:10964000D4F8800068B192490165D4F88000FAF737
:10965000CFF8002808D0D4F88000016DBDE8F041B3
:1096600008472046FFF738FFBDE8F0812046FFF7A6
:1096700033FFF9E72046FFF72FFFC4F89050F3E7D8
:10968000E76E012F7ED1C7067CD5CF067AD5102094
:109690001862206880684FF02003400673D5D4F824
:1096A00080107C4A086890423AD07A4A1832904238
:1096B00036D0784A3032904232D0764A48329042A0
:1096C0002ED0744A603290422AD0724A7832904248
:1096D00026D0704A9032904222D06E4AA8329042F0
:1096E0001ED06D4A90421BD06B4A1832904217D060
:1096F000694A3032904213D0674A483290420FD0C4
:10970000654A603290420BD0634A7832904207D06B
:10971000614A9032904203D05F4AA832904201D110
:10972000406800E0406880B200289DD0B4F85C201A
:10973000824299D9A4F85E00C869B0F5807F2FD025
:10974000206850E8001F21F4807140E80012002AD0
:10975000F6D12068083050E8001F21F0010140E8F0
:109760000012002AF5D12068083050E8001F21F0CF
:10977000400140E80012002AF5D1C4F88C30E566BB
:10978000206801E049E016E050E8001F21F01001D8
:1097900040E80012002AF3D1D4F88000F9F76AFEFD
:1097A0002667B4F85C00B4F85E10401A81B2204617
:1097B000FFF71CFE58E734F85C0F6188401A81B24D
:1097C00060885C3C0028F5D00029F3D0206850E880
:1097D000002F22F4907240E80027002FF6D12A4F84
:1097E000FF432068083050E8002F3A4040E8002C42
:1097F000BCF1000FF5D1C4F88C30E56665672068D0
:1098000050E8002F22F0100240E80023002BF6D190
:1098100026672046FFF7EAFD26E7C50209D555026F
:1098200007D54FF4801018622046BDE8F041FFF7DD
:1098300051BE03060CD501F0800302F4000213436D
:1098400006D0A16F0029B5D02046BDE8F0410847F9
:10985000420606D54A0604D52046BDE8F04102F08E
:10986000DFBD020206D54A0004D52046BDE8F0411E
:10987000FFF72FBEC0019DD500299BDA2046BDE829
:10988000F041FFF7D9BD00000100001020010004E5
:10989000C3C20008100002401004024010B5044684
:1098A000002C03D0D4F8880010B107E0012010BDCF
:1098B000002084F88400204600F028F82420C4F812
:1098C00088002068016821F001010160204602F053
:1098D000D1FD012818D0A06A10B1204602F038FC52
:1098E0002068416821F4904141602068816821F03E
:1098F0002A0181602068016841F001010160204671
:10990000BDE8104002F088BC012010BDF0B5B5B034
:109910000646142130A8F6F7AFFDB82102A8F6F7E5
:10992000ABFD3149306888425CD102200021CDE98D
:10993000020100241F9402A8FDF72CFA08B1F8F7E1
:10994000DDFD2A48016841F480110160006800F4DF
:109950008010019025490839086840F0040008602B
:10996000086800F004000190086840F008000860F2
:10997000086800F0080001904FF4805030900227F2
:109980003197329433940825349530A91848FBF761
:1099900073FD04203090319732943394349530A97C
:1099A0001448FBF769FD154D134828604120686095
:1099B000AC60EC60780228616C61AC61EC612C6297
:1099C0006C622846FAF740FC08B1F8F797FDC6F834
:1099D0008050AE63002205213520FBF703FF3520C0
:1099E000FBF7F2FE35B0F0BD00500040E8440258ED
:1099F00000080258000C0258280002407C0A00248B
:109A0000704770477047000070B50446002020740E
:109A10003B4DA27B616828884243D4F8FC00F6F7EE
:109A200004FDA17B288841436068F6F725FDA07BF3
:109A300010FB00F128884143D4F82401F6F71CFDFF
:109A4000207BA17B10FB01F128884143D4F8180149
:109A5000F6F712FD002029E0D4F8FC1001EB80029B
:109A600092ED000AB5EEC00AF1EE10FA1CD0227C8D
:109A700001EB820181ED000A227C616A8854A169B0
:109A8000227B01EB8001237C91ED000A6169095C76
:109A900012FB0311D4F81821491E02EB810181ED5C
:109AA000000A217C491C2174401CC0B2A17B814268
:109AB000D2D8002010E0636AE26900FB01011B5C60
:109AC00002EB830292ED000AD4F8242102EB81011B
:109AD00081ED000A401CC0B2217C8142EBD8643485
:109AE00014F8540CA08314F8580CE083A084E1848B
:109AF000A186E186A087E18724F81C1C70BD0000C8
:109B00009C000024FEE7000010B50A489FED071AEC
:109B1000DFED070AB7EE000A06F0BEFF05489FED2D
:109B2000060A943880ED100A10BD00006F12833AC7
:109B300000000000308500244ED1113C00F002F8F6
:109B4000FCE700002DED028B84B0FFF7DDFFDFF8AE
:109B500014820DF1040A824FDFF80CB2A8F10C094F
:109B60009FED828A824EA8F19005F7EE008AA5F15A
:109B700094047F48F8F79AFB86ED010A85ED020A06
:109B80007748F7F72DFAD7ED001AC4ED071A97EDCD
:109B9000012A84ED082AD7ED022AC4ED092AC8ED6E
:109BA000001A88ED012AC8ED022A97ED030A84ED18
:109BB000040AD7ED040AC4ED050A97ED051A84EDF1
:109BC000061A89ED000AC9ED010A89ED021A6548F5
:109BD000903806F07DFF6348903806F0A2FF614898
:109BE000903806F083FF5F48903801F073FE95EDE2
:109BF0000C0A84ED000A95ED0D0A84ED010A95ED3D
:109C00000E0A84ED020A95ED0F0A84ED030A584806
:109C100001A9584A1030F8F7FCFB002096ED011A14
:109C200004EB80010AEB800291ED070AD2ED000AF5
:109C300030EE600A20EE012A94ED100A70EE010A5F
:109C4000C2EE201A91ED0A2A22EE000A80EE202AA6
:109C500031EE820A81ED0A0A401CC0B20328DFD32C
:109C6000444A02F13401A1F10C00F7F75CFB94EDDA
:109C70000D0AB0EEC00A10EE100A584501DA84ED64
:109C80000D8A94ED0E0AB0EEC00A10EE100A584587
:109C900001DA84ED0E8A94ED0F0A3749B0EEC00A5E
:109CA00010EE100A884204DA84ED0F8AF068401C36
:109CB000F06096ED020A314910EE100A884246DD46
:109CC00094ED220AD4ED0E0A9FED2D1A00EE810AC2
:109CD00084ED220AD4ED230A40EE010AC4ED230AE2
:109CE000012084F8900095ED1A0A84ED1C0A95ED88
:109CF000190A84ED1D0A95ED1B0A84ED1E0AD4EDA8
:109D0000200A204970EE600A10EE900A884206DDB3
:109D1000D4ED210A70EEE80AC4ED210A0AE010EE43
:109D2000900A1949884205D9D4ED210A70EEA80A93
:109D3000C4ED210A94ED211ADFED141AF0EE400A69
:109D400041EE210AC4ED1F0A84ED200A03E030EE43
:109D5000280A86ED020A012007F016F909E700003B
:109D60004C0B0024C08500240AD7A33C000000004F
:109D7000080100249C8400240AD7233D00803B4531
:109D80006F12833ADA0F4940DA0F49C0560EC940C4
:109D9000F0B500230A2530263727002412E0B5EB62
:109DA000107F04D906EB107C01F813C003E007EB29
:109DB000107C01F813C0000101EB430C8CF801404A
:109DC0005B1CDBB29342EAD3F0BD00002DE9F04703
:109DD00004460D4617461E46DFF8E4830420A8F823
:109DE00000000820A8F8020025736773A6734FF0DF
:109DF000000984F81090304606F0BEFF60613146DD
:109E0000F6F73AFBB8F80000704306F0B5FFA06122
:109E1000B8F800107143F6F72FFBB8F80000704354
:109E200006F0AAFFE061B8F800107143F6F724FBD2
:109E3000B8F80000684306F09FFF2062B8F80010F1
:109E40006943F6F719FB304606F096FF606231462B
:109E5000F6F712FBB8F80000684306F08DFF2060AB
:109E6000B8F800106943F6F707FBB8F80000704334
:109E700006F082FF6060B8F800107143F6F7FCFA54
:109E8000B8F80000784306F077FFA060B8F800103B
:109E90007943F6F7F1FAB8F80000684306F06CFF72
:109EA000C4F8F000B8F800106943F6F7E5FA217B32
:109EB0000122D4F8F03004F13000F6F7FEFBB8F8D8
:109EC0000000684306F058FFC4F8F400B8F800102A
:109ED0006943F6F7D1FA217B0122D4F8F43004F17A
:109EE0003800F6F7EAFB9FB1B8F80000784306F0B7
:109EF00043FFC4F8F800B8F800107943F6F7BCFA4D
:109F0000617B0122D4F8F83004F14000F6F7D5FB6C
:109F1000B8F80000704306F02FFFC4F8FC00B8F852
:109F200000107143F6F7A8FAA17B0122D4F8FC30A7
:109F300004F14800F6F7C1FBB8F800006843684335
:109F400006F01AFFC4F80001B8F80010694369432D
:109F5000F6F792FA217B04F15000D4F800310A465A
:109F6000F6F7ABFBB8F800006843684306F004FF5F
:109F7000C4F80401B8F8001069436943F6F77CFAA5
:109F8000217B04F15800D4F804310A46F6F795FB1A
:109F9000B8F800006843684306F0EEFE9034A0670E
:109FA000B8F800006843684306F0E6FEE067B8F8DA
:109FB0000010A06F69436943F6F75EFAB8F8001025
:109FC000E06F69436943F6F757FA14F8841CA36FEE
:109FD000903C04F160000A46F6F76FFB217B04F128
:109FE0006800D4F80C310A46F6F767FBAFB1B8F851
:109FF00000006843784306F0BFFEC4F81401B8F8C7
:10A00000001069437943F6F737FA627B04F1780070
:10A01000217BD4F81431F6F750FBB8F800007043F8
:10A02000684306F0A9FEA034A067B8F800006843B2
:10A03000704306F0A1FEE067B8F80010A06F71430E
:10A040006943F6F719FAB8F80010E06F69437143F5
:10A05000F6F712FA14F8942C14F8921CA36FA03C93
:10A0600004F18000F6F729FBA27B04F18800217B34
:10A07000D4F81C31F6F721FBB8F8000068436843B8
:10A0800006F07AFEC4F82001B8F80010694369436D
:10A09000F6F7F2F9217B04F19000D4F820310A465A
:10A0A000F6F70BFBB8F800007043704306F064FE4F
:10A0B000C4F82401B8F8001071437143F6F7DCF9D5
:10A0C000A17B04F19800D4F824310A46F6F7F5FA9A
:10A0D000B8F800006843704306F04EFEC4F828014B
:10A0E000B8F8001069437143F6F7C6F9A27B04F192
:10A0F000A000217BD4F82831F6F7DFFA207BB8F8EE
:10A10000001010FB00F0484306F036FEC4F82C01A6
:10A11000207BB8F8001010FB00F0484306F02CFE3E
:10A12000C4F83001207BB8F8001010FB00F0484361
:10A1300006F022FEC4F83401207BB8F80010484332
:10A1400006F01AFEC4F83801207BB8F80010484326
:10A1500006F012FEC4F83C0104F1A800217BD4F8FB
:10A160002C310A46F6F7A9FA217B04F1B000D4F8A5
:10A1700030310A46F6F7A1FA217B04F1B800D4F891
:10A1800034310A46F6F799FA217B0122D4F83831A6
:10A1900004F1C000F6F791FA217B0122D4F83C319A
:10A1A00004F1C800F6F789FA84F8289084F8299019
:10A1B00084F82A9084F82B9084F82C90BDE8F087DE
:10A1C0009C00002470B504460F4DE07B002803D0AE
:10A1D0002046FFF719FC0DE0A27B28886168424306
:10A1E000D4F8FC00F6F721F9A17B28884143606888
:10A1F000F6F742F9627B2888A1684243D4F8F80058
:10A20000BDE87040F6F711B99C0000242DE9F0413B
:10A21000044694F82C00002827D17C34A08CA0861A
:10A22000E188E186A08734F8220CE0877C3C04F1C9
:10A23000B00204F18001154604F1A000F6F7A8FB76
:10A2400084F8D00004F1B80204F1580116460F4614
:10A250002846F6F79DFB84F8D00004F15002314601
:10A260003846F6F72DFC84F8D000BDE8F0812DE9E2
:10A27000F041044694F8290000282CD104F168012B
:10A2800004F160000D460746F6F77AFC84F8D0002A
:10A2900004F1580204F1500116463846F6F778FBEF
:10A2A00084F8D000B4F85800A4F8B000B4F86A00FC
:10A2B000A4F8B20004F1B002174629463046F6F77A
:10A2C00067FB84F8D00004F1900132463846F6F777
:10A2D00095F984F8D000BDE8F0812DE9F0470446F7
:10A2E00094F82A00002855D104F1880104F1800077
:10A2F0000D460746F6F744FC743484F85C00A089E8
:10A30000A08734F81A0CE087743C04F1B002384698
:10A3100004F1580116468846F6F73AFB8A3484F869
:10A320004600E08CE085208820868A3C04F1B80253
:10A33000294617463046F6F72BFB983484F8380048
:10A340002088208260886082983C04F1A802384608
:10A3500004F198019146F6F751F9B234A0773946E5
:10A360004846F6F7AFF9A07734F85A0C24F8020CF7
:10A3700034F8280C2080324629464046F6F708FB80
:10A38000A077B23C04F1A00239463046F6F700FB54
:10A3900084F8D000BDE8F08770B504462046FFF78A
:10A3A00011FFD4F8D41009B120468847204600F0A8
:10A3B00069F8D4F8D81009B1204688472046FFF73D
:10A3C00056FFD4F8DC1009B120468847207C2C4D7C
:10A3D000C8B9E07BB8B1227B28884243D4E93C016C
:10A3E000F6F723F8207B10FB00F22888424304F59F
:10A3F000807003C8F6F719F8D4F8E81009B12046C0
:10A400008847002029E02046FFF767FFD4F8E010D6
:10A4100009B120468847204600F06EF8D4F8E410D1
:10A4200009B1204688472046FFF7F0FEE4E700FB2D
:10A430000101D4F8002102EB8101226A02EB8002C3
:10A44000D1ED000A92ED000AF4EEC00AF1EE10FA26
:10A4500001D281ED000A401CC0B2217B8142E6D8C6
:10A46000227B2888D4F8F01042432068F5F7DDFFFE
:10A47000D4F8EC1009B120468847206870BD000070
:10A480009C0000242DE9F041044694F8280000289F
:10A490002AD1627B04F1300104F1600004F1380537
:10A4A00022B3227BA4F8C0200126A4F8C26004F1E4
:10A4B000C0021746F6F76CFA84F8D000207BA4F8A7
:10A4C000C800A4F8CA6004F1C80204F140011646AD
:10A4D00004F17800F6F75CFA04F8D00F2A4631460A
:10A4E0003846F6F78BF82070BDE8F0812A46F6F77B
:10A4F0004FFA84F8D000F7E72DE9F041044694F8CC
:10A500002B00002836D1B4F88000A4F8C000012543
:10A51000A4F8C25004F1C00204F13801164604F157
:10A5200080000F46F6F734FAB234A07734F86A0C9C
:10A53000E0822583B23C04F1C802314604F14800B0
:10A540009046F6F7BDFAA03484F8300020882084C5
:10A550006584A03C04F1A00032464146F6F718FAA3
:10A5600084F8D00004F1300231463846F6F746F858
:10A5700084F8D000BDE8F08100EB8100006E00F0AF
:10A58000F84070478068C0F3C00070478068C0F32F
:10A59000000070478068C0F3800070478068C0F397
:10A5A00080007047C06810F4406F01D000207047F1
:10A5B0000120704710B501F0007300EBD3504369E0
:10A5C0000724C1F304518C408A40A34313434361E1
:10A5D00010BD000000EB81016031074B984205D1AE
:10A5E000086820F00040104308607047086820F0B9
:10A5F000004010430860704700600258D0ED000A28
:10A6000090ED011A60EE800A21EE001A60EE800AD9
:10A6100060EE800A41EE000A90ED021A41EE000A57
:10A6200090ED030A30EE800A7047000030B58DB01F
:10A6300000240A940B940C94242101A8F5F71CFF24
:10A640002448234901604FF41011416084600121C6
:10A65000016104254561047641760222C26180F8D9
:10A6600020408462C46203220263C463046480F8ED
:10A6700044408164F8F7B2FC08B1F7F73FFF0A9451
:10A680000AA91448F8F730F908B1F7F737FF12486C
:10A69000019006200290039540F2FF70049005950A
:10A6A00006948DF8254001A90A48F8F7B1F908B1D8
:10A6B000F7F724FF094801900C20029001A90548F2
:10A6C000F8F7A6F9002801D0F7F718FF0DB030BD54
:10A6D000002002404C0400241000C0100000B84FBD
:10A6E00008B51948016841F001010160006800F0F7
:10A6F00001000090002206210B20FBF773F80B20CD
:10A70000FBF762F8002205210C20FBF76BF80C2008
:10A71000FBF75AF8002205210D20FBF763F80D2006
:10A72000FBF752F8002205210E20FBF75BF80E2004
:10A73000FBF74AF8002205210F20FBF753F8BDE88C
:10A7400008400F20FBF740B8D844025870B51748AE
:10A750001549016000218160C160017441748174F8
:10A7600004224261012484611325C561052303622B
:10A7700042628462C562036341638363C3630264AC
:10A78000082343648164C364016542658165C165D2
:10A79000036641668366FAF7FFFB002803D0BDE835
:10A7A0007040F7F7ABBE70BD00A000403405002438
:10A7B00010B519481749016000218160C16001741A
:10A7C0004174817405224261012383610E24C461B6
:10A7D000026242628362C462026340F256334363A0
:10A7E0008263C26301640422426482640823C364F6
:10A7F000016542658165C165026641660621816623
:10A80000FAF7CAFB002803D0BDE81040F7F776BE80
:10A8100010BD000000A40040D405002410B5194864
:10A820001749016000218160C16001744174817425
:10A8300005224261012484610E23C36102624262E7
:10A840008462C362026340F2AD6343638263C263A6
:10A8500002220264042242648164C264016542658A
:10A860008165C1650323036641668266FAF794FB3E
:10A87000002803D0BDE81040F7F740BE10BD00002F
:10A8800000D400407406002410B5A4B01422274957
:10A890001FA8F5F7CAFD00211FA806F082FB244C73
:10A8A00020601422214914311AA8F5F7BEFD0021B9
:10A8B0001AA806F076FB606014221C49283115A8FE
:10A8C000F5F7B3FD002115A806F06BFBA06014227C
:10A8D00016493C3110A8F5F7A8FD002110A806F094
:10A8E00060FBE0601422114950310BA8F5F79DFD83
:10A8F00000210BA806F055FB206114220B4964319E
:10A9000006A8F5F792FD002106A806F04AFB606153
:10A9100014220649783101A8F5F787FD002101A826
:10A9200006F03FFBA06124B010BD0000901C0108A0
:10A930000400002470B586B0142101A8F5F79CFD31
:10A940003648016841F004010160016801F004012A
:10A950000091016841F080010160016801F080010F
:10A960000091016841F001010160016801F00101FD
:10A970000091016841F002010160016801F00201EB
:10A980000091016841F010010160016801F01001BF
:10A990000091016841F008010160006800F00800C2
:10A9A00000901F4E4FF4C044002221463046FAF773
:10A9B0006DFE012248F209013046FAF767FE019464
:10A9C0000125029500240394049401A93046FAF766
:10A9D00053FDE803019002950395049401A93046C4
:10A9E000FAF74AFD09200190029503940320049090
:10A9F00001A93046FAF740FD4FF4A05001904FF402
:10AA000088100290039401A90648FAF735FD002149
:10AA1000E806FDF7ABFF06B070BD0000E044025849
:10AA2000000802580010025810B516481449016079
:10AA30004FF480014160002181600722C2604FF025
:10AA40000072026152104261920082611201C26181
:10AA5000016241628162C16242638163C1630164D8
:10AA600041648164C164016541658165FDF7ECFC69
:10AA7000002803D0BDE81040F7F740BD10BD00002E
:10AA8000003800401407002410B58AB00024079451
:10AA9000089409941C216846F5F7EEFC17481649FE
:10AAA000016017214160846040F2CF71C160046190
:10AAB0008461FEF709FB08B1F7F720FD07940994BC
:10AAC00007A90E48FDF7B4FF08B1F7F717FD60209E
:10AAD00000904FF47A700190029404940422074885
:10AAE0006946FEF756FA08B1F7F708FD0348FEF786
:10AAF000F5F90AB010BD0000001800402409002438
:10AB000010B59CB00024189419941A941B941594B1
:10AB1000169417941C210EA8F5F7AEFC342101A859
:10AB2000F5F7AAFC2A48294901604460846040F294
:10AB30002B11C160046144618461FDF7D3FF08B14A
:10AB4000F7F7DCFC4FF480501890214818A9FEF765
:10AB500079F808B1F7F7D2FC1D48FEF7B5FA08B14D
:10AB6000F7F7CCFC15941694179415A91848FDF71F
:10AB70005FFF08B1F7F7C2FC60200E900F941094AD
:10AB80001194129413941494002211480EA9FEF704
:10AB900000FA08B1F7F7B2FC01940294039404940C
:10ABA00005944FF4005006900794099400030A900E
:10ABB0000B940D9401A90648FDF7E4FE08B1F7F7E0
:10ABC0009DFC0348FEF78AF91CB010BD000001404F
:10ABD0008C08002410B58AB00024079408940994C6
:10ABE0001C216846F5F748FC1648154901601721F5
:10ABF0004160846042F20F71C16004618021816113
:10AC0000FEF762FA08B1F7F779FC0794099407A9EF
:10AC10000C48FDF70DFF08B1F7F770FC60200090BD
:10AC20000194029404940C2206486946FEF7B1F997
:10AC300008B1F7F763FC0348FEF750F90AB010BDFE
:10AC400000040040D808002410B5194817490160D5
:10AC5000184941604FF4805181604900C160C910BA
:10AC600001610C21416100218161C1610162416288
:10AC70008162FEF713FE08B1F7F740FC0C48002193
:10AC8000FEF701FC08B1F7F739FC09480021FEF78F
:10AC9000D4FB08B1F7F732FC0548FEF75FFB00284C
:10ACA00003D0BDE81040F7F729BC10BD00500040AC
:10ACB000E8090024A086010010B5104901221048BF
:10ACC00002F04AFC08B1F7F719FC0E490C4802F0F3
:10ACD0009AFE08B1F7F712FC0B49094802F0EEF8AA
:10ACE00008B1F7F70BFC064802F062FF08B1F7F76E
:10ACF00005FCBDE81040FBF7F1BA00003C0300245E
:10AD0000B0960024080400249C030024FEE7FEE71C
:10AD100000F008F8FCE700000148FAF7EABE00007E
:10AD2000ACAD00242DED048B444F02E0012006F071
:10AD30002BF997F890000028F8D0414806F046FF1C
:10AD4000404E414D414CDFED428ADFF8088104F16D
:10AD50001809B6EE009ADFED409A96ED410AD7ED5C
:10AD6000050AB1EE400A30EE600AD5ED0E0A30EE6B
:10AD7000200A84ED010A95ED220AF5F7F7FBD5EDDF
:10AD80000B0A95ED231A60EE810A20EE208A94EDDD
:10AD9000010A00EE288A95ED220AF5F74BFFD5ED62
:10ADA000260A00EE808A84ED038A97ED050AD6ED27
:10ADB000500A30EE600AD8ED0E0A30EE200A84ED1B
:10ADC000020A98ED220AF5F7D1FBD8ED0B0A98EDAF
:10ADD000231A60EE810A20EE208A94ED020A00EE2A
:10ADE000288A98ED220AF5F725FFD8ED260A00EE0D
:10ADF000808A84ED048A94ED030A30EE480A60EEFE
:10AE0000090AC4ED050A97ED0A0A0D48B1EE400A99
:10AE100006F010FF99ED000A86ED620A206800EE48
:10AE2000900AF8EE600A80EEA91AD6ED630A40EEA9
:10AE3000010AC6ED630A06F0A7F88EE79C84002499
:10AE4000548A002474870024C486002460020024ED
:10AE500022FD763DCC85002400007A4470B504467E
:10AE60002068056C00EB4110D0F8081B0C4EB54271
:10AE700005D9090403D54FF40041C0F8081B20464A
:10AE8000FBF7BFF9B54208D9E068012805D1206871
:10AE9000012104F2C44203F07FFB002070BD0000DA
:10AEA0000A30544F2DE9F04105460C462E68306CAF
:10AEB00006EB4411D1F8083B4FF40047D5F80C805D
:10AEC00005F2C4424FF0200CB8F1010F08D0DFF8B2
:10AED000B080404545D118043AD5C1F8087B4CE014
:10AEE000284E5FEA037806D5B04246D9180444D507
:10AEF000C1F8087B41E05FEA836802D5C1F808CB5E
:10AF00003BE013F0280F38D1B04204D9180402D521
:10AF1000C1F8087B31E004EBC40005EB800000F5CC
:10AF20001F70D1F8101B036AC1F31201591A416155
:10AF300024B903693BB1C2681144C1602846E1B23B
:10AF4000FAF7C9FC19E02868012103F025FBF5E7B1
:10AF5000980601D5C1F808CB2846E1B2FAF7BBFC48
:10AF60000BE034B9D5F88C0218B90021304603F053
:10AF700013FB2846E1B2FAF7AEFC0020BDE8F081F1
:10AF80000A31544F0A30544F2DE9F84F80460E468F
:10AF9000D8F8007006EBC60008EB80043C34D4E916
:10AFA0000410884202D90120BDE8F88F081AA16870
:10AFB000814200D20846C01C4FEA900A07EB4619AE
:10AFC00016E0151AA268AA4200D21546E81C4FEAFC
:10AFD000900A98F80C000090ABB2E1683846F2B2E3
:10AFE00003F07CFEE0682844E0606069284460610A
:10AFF000D9F8180980B2504505D3D4E9042090420D
:10B0000001D2002ADDD1D4E90401884208D8012008
:10B0100006F00F018840D7F834188143C7F8341878
:10B020000020C1E7002814D0D0ED101AC0ED111A8D
:10B0300090ED0F1A80ED101AC0ED060A80ED070A98
:10B0400030EEC00A80ED0F0A017829B1012952D0F3
:10B0500092E09FED4B0A7047D0ED010A60EE801A36
:10B06000C0ED091AD0ED0A0A90ED022A42EE000A5C
:10B07000C0ED0A0A90ED0D2A80ED0E2A90ED0C2A03
:10B0800080ED0D2A30EE410A80ED0C0A90ED031A96
:10B0900021EE001A80ED0B1A90ED050AF4EEC00ABD
:10B0A000F1EE10FA02DD80ED0A0A08E0B1EE400A86
:10B0B000F4EEC00AF1EE10FA01D280ED0A0A90ED2A
:10B0C0000A0A31EE800A30EE010A80ED080AD0ED5E
:10B0D000040AB4EEE00AF1EE10FA02DDC0ED080A4F
:10B0E0004AE0F1EE600AB4EEE00AF1EE10FA43D263
:10B0F000C0ED080A40E070EE410A90ED012A60EED2
:10B10000820AC0ED090A90ED022A22EE002A80EDA3
:10B110000A2AD0ED0D2AC0ED0E2AD0ED0C2AC0ED82
:10B120000D2AF0EE002A01EE620A30EE210A80EDCF
:10B130000C0A90ED031A21EE000A80ED0B0A70EE66
:10B14000820A30EE800AD0ED080A30EE200A80ED47
:10B15000080AD0ED040AB4EEE00AF1EE10FA02DDBE
:10B16000C0ED080A08E0F1EE600AB4EEE00AF1EE84
:10B1700010FA01D2C0ED080A90ED080A70470000ED
:10B1800000000000002828D0002A26D0017092ED8F
:10B19000001A80ED011A92ED011A80ED021A92ED6B
:10B1A000021A80ED031A80ED040AC0ED050A9FED36
:10B1B0000B0A80ED0E0A80ED0D0A80ED0C0A80ED81
:10B1C000080A80ED0B0A80ED0A0A80ED090A80ED7D
:10B1D000110A80ED100A80ED0F0A70470000000090
:10B1E00070B50C4615462DED028B0021124A9FEDDD
:10B1F000108A9FED100AF0EE480AFFF7C3FF0E4ACF
:10B200000021F0EE480A0C322046B0EE000AFFF7AB
:10B21000B9FFF0EE480ABDEC028B2846064AB7EEAD
:10B22000000ABDE8704018320021FFF7ABBF0000F4
:10B23000000000000000C842D01D010800B5AFB0FA
:10B24000B8216846F5F718F900204FF40821CDE938
:10B25000001018200290C82003900220049005904E
:10B2600006900020079020210891099009061B9163
:10B2700028906846FBF78EFD002801D0F7F73EF9CD
:10B280002FB000BD2DE9F047044688460027DFF8BF
:10B290001491D9F80000C043800709D0414D283DE2
:10B2A000286820F080602860FAF7F8F9064609E07F
:10B2B0000120BDE8F087FAF7F1F9801B022801D9D7
:10B2C0000320F6E728680001F5D4D9F800002168CA
:10B2D00020F47C3040EA0130C9F80000A0884FF625
:10B2E000FF72A168401E491EC0F3080002EA412116
:10B2F0000843A1894FF4FE02491E02EA01410843B6
:10B30000217C1202491E02EA0161084325491031DD
:10B3100008602448001D0168626921F0C0011143E2
:10B3200001600168A26921F02001114301600168F8
:10B3300021F0100101601B4914310A684FF6F873BF
:10B340009A43E36942EAC3020A60016841F01001CE
:10B350000160B8F1000F0ED0B8F1010F10D00168F4
:10B3600041F400110160286840F080602860FAF71D
:10B3700095F9044610E0016841F400210160F2E70C
:10B38000016841F480110160EDE7FAF787F9001BCD
:10B39000022801D903208CE728680001F5D538463A
:10B3A00087E70000284402582DE9F0470446884604
:10B3B0000027DFF81491D9F80000C043800709D0B6
:10B3C000414D283D286820F080502860FAF766F942
:10B3D000064609E00120BDE8F087FAF75FF9801B17
:10B3E000022801D90320F6E728688000F5D4D9F8AF
:10B3F0000000218820F07C7040EA0150C9F800006C
:10B40000A0884FF6FF72A168401E491EC0F30800D5
:10B4100002EA41210843A1894FF4FE02491E02EAD3
:10B4200001410843217C1202491E02EA01610843DE
:10B430002549183108602448001D0168626921F41B
:10B440004061114301600168A26921F40071114358
:10B450000160016821F4807101601B491C310A6898
:10B460004FF6F8739A43E36942EAC3020A6001683F
:10B4700041F480710160B8F1000F0ED0B8F1010FF6
:10B4800010D0016841F080710160286840F0805060
:10B490002860FAF703F9044610E0016841F48001DE
:10B4A0000160F2E7016841F400010160EDE7FAF79D
:10B4B000F5F8001B022801D903208CE728688000DA
:10B4C000F5D5384687E700002844025800F002F816
:10B4D000FCE700002DED088B3222D449D448FDF75B
:10B4E0005CFFD449D44803F06DFFD44D95ED000ABC
:10B4F000B8EE400ADFEDD20A80EE208A9FEDD1AA95
:10B50000DFEDD1AADFF844A30127DFF8449300263A
:10B51000DFF840B3D04CB2EE06BADFEDD08A9FED33
:10B52000D09ADFEDD09AD048008800EE100AB8EE2D
:10B53000400A60EE0A0A80EEAA0A20EE0B0A84EDA9
:10B54000560A94F85C01F8B910EE100AC74988420F
:10B550000BDDB3EE060A8AED000AB3EE050A89EDAB
:10B56000000A022084F85C0115E010EE100AC049C0
:10B5700088420ADD9FEDBF0A8AED000AB2EE0C0A8E
:10B5800089ED000A84F85C7105E084F85C61CAED1D
:10B59000008AC9ED008AFAF781F8DFF8DC82D8F872
:10B5A0000410401AB0F57A7F01D9A8F80060B8F805
:10B5B000000000287DD098F8270068B194ED560A65
:10B5C000D9ED000AB4EEE00AF1EE10FA0DD294F8CB
:10B5D000B811012906D008E084F8B86184F8BC618C
:10B5E000AE600CE0A968491CA960A968642904D967
:10B5F00084F8B86184F8BC6101E084F8B87194F80B
:10B60000BC1179B99D4AD4F890110A445A4503D324
:10B610009B4A1144594505D284F8BC719FED990AA3
:10B6200084ED600A94F8B81101290ED0C4ED588A4F
:10B6300094ED630A84ED590A94ED690A84ED5B0A7E
:10B64000C4ED609A84ED5C9AD2E0012802D0022811
:10B6500030D03EE094F85C01012802D002280DD0E1
:10B6600018E0B8F9200000EE100AB8EEC00ADFEDCD
:10B67000860A20EE200A84ED580A0BE0B8F9200073
:10B6800000EE100AB8EEC00ADFED800A20EE200AB4
:10B6900084ED580AB8F9220094ED5B0A00EE900A96
:10B6A000F8EEE00A9FED7A1A00EE810A84ED5B0A5B
:10B6B0000FE08AE0774890ED000AB1EE400A84ED91
:10B6C000580A94ED5B0AD0ED010A00EE880A84ED79
:10B6D0005B0A94ED590AD4ED580A00EE880A84ED0D
:10B6E000590A98F82400E8B3B8F91E0094ED5C0AF2
:10B6F00000EE900AF8EEE00A9FED671A00EE810A6C
:10B7000084ED5C0ADFED650A9FED650A654805F08A
:10B7100029FC98F8260030B3B8F91C0000F58060C9
:10B7200000EE100AF8EEC00A9FED5F1A9FED5F0A67
:10B7300000EE810A84ED600ADFED5D0A9FED5D0A8F
:10B740005848103005F00EFCD4ED610A94ED600A03
:10B75000594970EEC00AF0EEE00A10EE900A8842F5
:10B7600008DD01E020E022E0544880F8AD70544844
:10B7700080F8AD7084ED610A98F8250000B398F860
:10B780002600E8B14F48D8F82C10814218DA6968D1
:10B79000814215DB10EE100A4B49884210DC94F808
:10B7A0005C01022808D00BE084ED5C9AAAE79FEDCB
:10B7B000470A84ED600ABFE784F8B97184F8BA716A
:10B7C00098ED0B0A85ED010A12E084F8B86184F85F
:10B7D000BC61AE60C4ED588A94ED630A84ED590AE9
:10B7E00094ED690A84ED5B0AC4ED609A84ED5C9A7D
:10B7F0000E4932220E48FDF7D0FDB8F922009FED28
:10B80000341A00EE100AB8F92000B8EEC00AC0EEF3
:10B81000010A00EE100AF8EEC01A81EE810A03F068
:10B8200060F9286805F0B0FB7DE60000648C002418
:10B83000E8090024700900248C080024C0020024B8
:10B8400000007A443333534000FF7F47CC0200248A
:10B85000D4020024FFFF7F00748700240000000052
:10B860008FC2F5BCCDCCCC3D000000240000A84127
:10B870000000604133336B41808C002425F0B640DA
:10B8800025F0B6C00AD7A33D9947FEB92348A5BA0B
:10B890006F1283B8B48C0024BD378637CDCCCC3E34
:10B8A000CDCCCCBEE4880024F7CC9238BC74933D58
:10B8B0003D0A573EEC51B83D17B7D138C486002435
:10B8C000CC8500240000FA430AD7233E8FC2F53D01
:10B8D0000000484490ED0D0A20EE005AD0ED0E0A0B
:10B8E00060EEA01A90ED0F1A21EE012AD0ED0C3A6D
:10B8F00063EE802A23EEA03A63EE813A20EE204ADE
:10B9000060EE014A60EE810AB7EE006AB0EE000A0E
:10B91000B0EE461A01EEC01A02EE401A80ED101A7F
:10B9200074EE635A65EE805AC0ED115A74EE835A74
:10B9300065EE805AC0ED125A34EE231A21EE001A39
:10B9400080ED131AB0EE461A05EE401AF0EE413AB9
:10B9500042EE403AC0ED143A30EEE22A22EE002ADE
:10B9600080ED152A34EEC32A22EE002A80ED162A35
:10B9700070EEA20A60EE800AC0ED170A01EEC01A4E
:10B9800080ED181A704700000148FCF747BC000022
:10B990001407002410B502685169936943F0080345
:10B9A00093610268936943F010039361026813681E
:10B9B00023F0010313600268136940F26F34A3435C
:10B9C00013610268936823F44043936090F88120E8
:10B9D000042A0CD08A060AD5D0F8842042F08002CE
:10B9E000C0F884200268936943F02003936190F8C3
:10B9F0008120032A0CD04A060AD5D0F8842042F0D0
:10BA00000402C0F884200268936943F04003936104
:10BA10008A050AD5D0F8842042F00102C0F88420BB
:10BA20000268936943F400739361C9050AD5D0F89D
:10BA3000841041F00801C0F8841001688A6942F45A
:10BA400080728A61002120F8621F018110BD10B54B
:10BA5000806B00216230018101800121C177623851
:10BA6000FCF7DAFB10BDC16B012202EB5111C0687B
:10BA7000401CC01DC008484370472DE9F0410646F0
:10BA80000D4617461C46DDF8188008E0F9F706FE5B
:10BA9000A0EB0800A04201D3601C0BD154B1306868
:10BAA000406935EA000007D00020B842EED00020FF
:10BAB000BDE8F0810320FBE70120F6E7017840783C
:10BAC00041EA00207047FFF7F7F84FF47A742046F8
:10BAD00005F05AFAFBE7000010B5502080F31188FA
:10BAE000BFF34F8FBFF36F8F05F0A2FF18B104496A
:10BAF0004FF080500860002080F3118810BD0000D6
:10BB000004ED00E010B59CB04C2109A8F4F7B4FC9A
:10BB1000202101A8F4F7B0FC0220FAF7B3FB0024BF
:10BB20001E48016821F440410160016801F4404170
:10BB3000009101688904FCD5212009904FF48030E0
:10BB40000A9001210F910220129013901490282244
:10BB500015921691179018900C2019901A941B9416
:10BB600009A8FCF76DF808B1F6F7C8FC3F20019072
:10BB70000320029003940820049040200590069032
:10BB8000010107910890032101A8FBF7CBFD0028D4
:10BB900001D0F6F7B3FC1CB010BD000018480258E5
:10BBA00010B52748016841F470010160254A10680A
:10BBB00000F00F00072804D2106820F00F00C01D0D
:10BBC00010602149086840F0010008601E4B002009
:10BBD000103318600B681D4C23400B60136803F092
:10BBE0000F03072B04D9136823F00F03DB1D136029
:10BBF000154A18321060121D1060121D1060124B91
:10BC0000134A28331A601B1D124A1A601B1D124A60
:10BC10001A601B1D18601B1D1A601B1D18601B1D60
:10BC20001A601A1D10600A6822F480220A60064910
:10BC30006031086043F2D2000849086010BD00007E
:10BC400088ED00E000200052004402587FEDF6EA43
:10BC5000000202020000FF018002010100400052C8
:10BC60000148FDF774B80000F40A00242DE9F04FF4
:10BC700002684FF0804B284DDFF8A080DFF8A090DD
:10BC8000A842DFF8A0A0284B09D0584507D040456E
:10BC900005D0484503D0504501D0984203D122F049
:10BCA00070044A682243214E214FA842DFF884C025
:10BCB00015D0584513D0404511D048450FD05045B8
:10BCC0000DD098420BD0B04209D0B84207D06045A1
:10BCD00005D0194CA04202D0184CA04203D122F446
:10BCE0004074CA6822434C6922F0800222430260F9
:10BCF0008A68C2620A688262A84207D0984205D068
:10BD0000B04203D0B84201D0604501D10969016356
:10BD100001214161BDE8F08F0000014000040040B6
:10BD200000080040000C00400004014000400140B9
:10BD3000004401400048014000E0004000E40040B1
:10BD400010B5012301F01F018B40046A9C4304627B
:10BD5000036A8A401343036210BD10B5846824F45B
:10BD60007F4442EA03220A432243826010BD00005E
:10BD70008268034B1A400A4342F007018160704712
:10BD80008FFFCFFF2DE9F043026A22F00102026229
:10BD9000056A426883691D4C234023F003030C6845
:10BDA0001C4325F002058B682B43194E194FDFF811
:10BDB00068C0B042DFF86480DFF8649007D0B84212
:10BDC00005D0604503D0404501D0484505D123F05A
:10BDD0000803CD681D4325F00403B04207D0B842E4
:10BDE00005D0604503D0404501D0484507D122F435
:10BDF000807222F400724D6915438A692A434260B9
:10BE00008461496841630362BDE8F0838FFFFEFFF0
:10BE10000000014000040140004001400044014096
:10BE200000480140F0B5026A22F010020262046A82
:10BE3000426883691A4D2B4023F440730D6843EA2E
:10BE4000052524F020038C6843EA0413154C164E94
:10BE5000A04201D0B04206D123F08003CF6843EA6C
:10BE6000071323F04003A0420AD0B04208D00F4C81
:10BE7000A04205D00E4CA04202D00E4CA04209D1E7
:10BE800022F4806222F400624C6942EA84028C69E6
:10BE900042EA840242608561496881630362F0BDC1
:10BEA000FF8FFFFE00000140000401400040014000
:10BEB0000044014000480140F0B5026A22F480725B
:10BEC0000262046A4268C3691A4D2B4023F00303DF
:10BED0000D681D4324F400738C6843EA0423164C58
:10BEE000164EA04201D0B04206D123F40063CF68C1
:10BEF00043EA072323F48063A0420AD0B04208D06B
:10BF00000F4CA04205D00F4CA04202D00E4CA042D4
:10BF100009D122F4805222F400524C6942EA041200
:10BF20008C6942EA04124260C5614968C1630362D8
:10BF3000F0BD00008FFFFEFF000001400004014043
:10BF400000400140004401400048014030B5026A11
:10BF500022F480520262046A4268C369124D2B4087
:10BF600023F440730D6843EA052324F400548D68DC
:10BF700044EA05340D4DA8420BD00D4DA84208D01F
:10BF80000C4DA84205D00C4DA84202D00B4DA84242
:10BF900004D122F480424D6942EA85124260C361B5
:10BFA00049680164046230BDFF8FFFFE000001405C
:10BFB00000040140004001400044014000480140AD
:10BFC00030B5026A22F480320262046A4268436D2C
:10BFD000114D2B400D681D4324F400330C8943EAB6
:10BFE00004430E4CA0420BD00D4CA04208D00D4C87
:10BFF000A04205D00C4CA04202D00C4CA04204D16F
:10C0000022F480324C6942EA042242604565496864
:10C010008165036230BD00008FFFFEFF000001401C
:10C02000000401400040014000440140004801403C
:10C0300030B5026A22F480120262046A4268436DDB
:10C04000114D2B400D6843EA052324F400140D899B
:10C0500044EA05540D4DA8420BD00D4DA84208D01E
:10C060000C4DA84205D00C4DA84202D00B4DA84261
:10C0700004D122F480224D6942EA85224260436560
:10C080004968C165046230BDFF8FFFFE00000140BA
:10C0900000040140004001400044014000480140CC
:10C0A00010B5036A046A24F001040462846924F070
:10C0B000F00444EA021423F00A020A438461026293
:10C0C00010BD10B5036A23F0100303628469036A8C
:10C0D00024F4704444EA023223F0A00343EA01113D
:10C0E0008261016210BD000010B50548FDF70CFA31
:10C0F000BDE81040034932220148FDF74EB9000067
:10C10000E8090024648C002430B5416E002917D062
:10C1100002689168C1F342619268520F0B4B9C5CBC
:10C12000250103F10804A25CB5FBF2F2A0F86A2035
:10C130005A5C615C1201B2FBF1F1A0F8681030BDED
:10C14000012168304180018030BD0000981D010848
:10C1500090F82810C90706D001684A68C36A22F41B
:10C1600000321A434A6090F82810890706D5016802
:10C170004A68036B22F480321A434A6090F8281010
:10C18000490706D501684A68436B22F480221A43A6
:10C190004A6090F82810090706D501684A68836B41
:10C1A00022F400421A434A6090F82810C90606D5C6
:10C1B00001688A68C36B22F480521A438A6090F83F
:10C1C0002810890606D501688A68036C22F400529B
:10C1D0001A438A6090F82810490611D501684A6808
:10C1E000436C22F480121A434A60416CB1F5801FFF
:10C1F00006D101684A68836C22F4C0021A434A607F
:10C2000090F82810090606D501684A68C06C22F427
:10C21000002202434A6070472DE9F8430446002596
:10C22000C4F89050F9F73AFA8046206800686FF039
:10C230007E474FF02006000716D500224346310402
:10C240002046009700F000FC70B1206850E8001F05
:10C2500021F0800140E80012002AF6D184346660A3
:10C2600025700320BDE8F88320680068400720D5CA
:10C27000002243464FF480012046009700F0E4FB83
:10C28000B8B1206850E8001F21F4907140E8001216
:10C29000002AF6D12068083050E8001F21F0010183
:10C2A00040E80012002AF5D18434A66025700320EE
:10C2B000D8E76C34E661266225606560257600204B
:10C2C000D0E710B5806B0021A0F85E10A0F85610E2
:10C2D000FDF702F910BD70B5846BD4F88800D4F86E
:10C2E0008C50216889684FF00006090606D5212880
:10C2F00004D1A4F85660204600F0A4F820688068B5
:10C30000400606D5222D04D1A4F85E60204600F038
:10C310005DF8D4F8900040F01000C4F8900020467A
:10C32000FDF7DAF870BD014610B5886B0023C969C6
:10C33000B1F5807F2DD0A0F85E30016851E8002F64
:10C3400022F4807241E80024002CF6D10168083103
:10C3500051E8002F22F0010241E80024002CF5D121
:10C360000168083151E8002F22F0400241E8002422
:10C37000002CF5D12021C0F88C10C16E012908D104
:10C38000016851E8002F22F0100241E80024002C3F
:10C39000F6D10367C16E012902D0FDF731FB10BD54
:10C3A000B0F85C10FDF722F810BD10B5806B0121CC
:10C3B0000167C16E012902D0FDF723FB10BDB0F863
:10C3C0005C104908FDF712F810BD000010B50168B7
:10C3D00051E8002F22F4907241E80023002BF6D19F
:10C3E0000E4B0168083151E8002F1A4041E8002443
:10C3F000002CF6D1C16E012908D1016851E8002F47
:10C4000022F0100241E80023002BF6D12021C0F8D1
:10C410008C100021C166416710BD0000FEFFFFEFD8
:10C4200010B5016851E8002F22F0400241E80023D6
:10C43000002BF6D12021C0F8881000218167FDF77C
:10C44000E1FA10BD016851E8002F22F0C00241E876
:10C450000023002BF6D10168083151E8002F22F4A7
:10C46000000241E80023002BF5D12021C0F88810FC
:10C47000704700002DE9F04387B004460026DFF83E
:10C48000FC9320682269A168E369114362691A4339
:10C4900011430268FA4B1A400A430260206841685F
:10C4A000E26821F4405111434160A0692168494587
:10C4B00001D0226A10438A68F24B1A4002438A6014
:10C4C0002068C16A626A21F00F011143C162EE4A1D
:10C4D0002068EE4990421DD1096801F03801182901
:10C4E00012D005DC51B108290AD0102904D109E085
:10C4F00020290BD028290BD080212DE101212BE10F
:10C50000042129E1082127E1102125E1202123E14F
:10C51000402121E1DE4A904217D1096801F007016C
:10C52000062910D2DFE801F0030507090B0D0021F1
:10C5300012E1042110E108210EE110210CE120217B
:10C540000AE1402108E1802106E1D24A904217D158
:10C55000096801F00701062910D2DFE801F00305A0
:10C5600007090B0D0021F7E00421F5E00821F3E0B5
:10C570001021F1E02021EFE04021EDE08021EBE00F
:10C58000C54A904217D1096801F00701062910D267
:10C59000DFE801F0030507090B0D0021DCE00421B1
:10C5A000DAE00821D8E01021D6E02021D4E04021B3
:10C5B000D2E08021D0E0B94A904217D1096801F059
:10C5C0000701062910D2DFE801F0030507090B0D6A
:10C5D0000021C1E00421BFE00821BDE01021BBE043
:10C5E0002021B9E04021B7E08021B5E0AC4A90427B
:10C5F0001DD1096801F03801182912D005DC51B1AC
:10C6000008290AD0102904D109E020290BD02829B3
:10C610000BD08021A0E001219EE004219CE00821B4
:10C620009AE0102198E0202196E0402194E09D4A74
:10C63000904217D1096801F00701062910D2DFE8FE
:10C6400001F0030507090B0D002185E0042183E0BB
:10C65000082181E010217FE020217DE040217BE066
:10C66000802179E0904A904217D1096801F00701D2
:10C67000062910D2DFE801F0030507090B0D0021A0
:10C680006AE0042168E0082166E0102164E02021CE
:10C6900062E0402160E080215EE0844A90421DD14A
:10C6A000096801F03801182912D005DC51B10829B8
:10C6B0000AD0102904D109E020290BD028290BD059
:10C6C000802149E0012147E0042145E0082143E0C1
:10C6D000102141E020213FE040213DE0744A90429A
:10C6E0001DD1096801F03801182912D005DC51B1BB
:10C6F00008290AD0102904D109E020290BD02829C3
:10C700000BD0802128E0012126E0042124E008212B
:10C7100022E0102120E020211EE040211CE04845BD
:10C7200019D15A49091D096801F00701062910D2DB
:10C73000DFE801F0030507090B0D02210CE00421DD
:10C740000AE0082108E0102106E0202104E0402151
:10C7500002E0802100E08021564D4C4A4FF4004C0D
:10C76000554F4FF000082B11543A484556D1102927
:10C770002BD006DC02291AD004291CD0082904D1A8
:10C780001EE0202929D0402929D000250126EDB31B
:10C79000606A37F81020B5FBF2F0676807EB4701D5
:10C7A000814202D8B0EB073F1BD90126EDE0F9F733
:10C7B0009DFD0546EBE704A8F9F78AFE059DE6E72F
:10C7C00001A8F9F765FF029DE1E710688006DED554
:10C7D0001068C0F3C100C540D9E71D46D7E76546DC
:10C7E000D5E7002328461946F3F7EEFD09020202B9
:10C7F00041EA1061780810183A46002341EB08011D
:10C80000F3F7E2FD2D4AA0F5407100E058E09142B7
:10C8100002D82168C860B8E00126B6E0E0694FF6AA
:10C82000EF7960456DD1082958D005DC29B301297D
:10C830004BD0042906D14CE0102954D020295AD0DD
:10C8400040295AD000250126D5B3606A37F8100078
:10C85000B5FBF0F04100606801EB5001B1FBF0F076
:10C86000A0F1100149454AD84FF6F0710140C0F3DC
:10C87000420001432068C16087E022E0000C0058BC
:10C88000F369FFCFFFF4FF11001001405444025838
:10C890000044004000480040004C00400050004070
:10C8A0000014014000780040007C00400018014066
:10C8B000001C01400090D003801D0108FFFC0F0008
:10C8C00061E0FBF7BFF80546BEE7FBF7CDF805468C
:10C8D000BAE704A8F9F7FCFD059DB5E701A8F9F74B
:10C8E000D7FE029DB0E710688006ADD51068C0F392
:10C8F000C100C540A8E71D46A6E76546A4E7012696
:10C9000043E008292ED005DCF9B1012921D0042902
:10C9100006D122E010292AD0202930D0402930D059
:10C92000002501267DB3606A37F81000B5FBF0F1F1
:10C93000606801EB5001B1FBF0F0A0F11001494536
:10C9400022D8216880B2C8601FE0FBF77BF805465B
:10C95000E8E7FBF789F80546E4E704A8F9F7B8FD2E
:10C96000059DDFE701A8F9F793FE029DDAE710685D
:10C970008006D7D51068C0F3C100C540D2E71D4678
:10C98000D0E76546CEE700E00126012068346080EC
:10C990002080C4F80C80C4F8108007B03046BDE891
:10C9A000F083000070B5044644F8581FA2800021AF
:10C9B000A16322206063A06A583C00281DD01F4B51
:10C9C000C363241D1E48E36F1864E36F1D48D864D9
:10C9D000E06F0165134654F8041CE56F606D243167
:10C9E000241F02462846F7F727FE30B110208C346A
:10C9F000606020202060012070BD206940B1206867
:10CA000050E8001F41F4807140E80012002AF6D17E
:10CA10002068083050E8001F41F0010140E8001292
:10CA2000002AF5D12068083050E8001F41F040018D
:10CA300040E80012002AF5D1002070BD27C300088D
:10CA4000ABC30008D7C200082DE9F04704460E46E4
:10CA500017469846089D4FF0000931E0681C2FD01A
:10CA6000F8F71CFEA0EB0800A84215D8A5B1206875
:10CA70000168490724D5C169C94309070ED4206854
:10CA8000082505622046FFF7A1FCC4F8905084F801
:10CA900084900120BDE8F0870320FBE7C069C04314
:10CAA00000050DD421684FF4006008622046FFF7AE
:10CAB0008DFC2020C4F8900084F884900320E9E7DE
:10CAC0002068C06936EA000004D00020B842C5D012
:10CAD0000020DFE70120F9E72DE9F0410E46D0F80C
:10CAE000C822D0F8D41200EB8101D1F8C01200297D
:10CAF00025D006F00F03002703EB830400EB84042A
:10CB0000A5694DB103EBC30302EB8302536CB5FB84
:10CB1000F3F203FB1252A2B1C1F81472D0F8D4227E
:10CB200000EB8200D0F8C40203692BB1D1F80802EF
:10CB300001F50471324698470020BDE8F0810320DA
:10CB4000FBE7A76100231A46314600F03AFFF3E7FE
:10CB500070B50546D5F8D40205EB8000D0F8C04288
:10CB6000002C12D0284600F002FEC4F80C02D5F8C2
:10CB7000D412D4F8040205EB8101D1F8C412CA68BA
:10CB800004F503719047002070BD032070BD0000C4
:10CB900070B50446224D2046297800F0FAFC28782A
:10CBA000002600F00F0000EB800004EB800086847C
:10CBB0002046697800F0EDFC687800F00F0000EB8B
:10CBC000800004EB8000A0F864612046A97800F0A2
:10CBD000E0FCA87800F00F0000EB800004EB800080
:10CBE0008684C684D4F8D40204EB8000D0F8C01246
:10CBF00099B1D0F8C40240688047D4F8D40204EB5D
:10CC00008000D0F8C00201F067F9D4F8D40204EB38
:10CC10008000C0F8C062C4F8BC62002070BD000093
:10CC2000B403002410B5D0F8D41200EB8100D0F882
:10CC3000C042002C10D0D0F8C41259B194F80002B0
:10CC4000FF2807D08B68214694F801229847FF20DF
:10CC500084F80002002010BD032010BD0A210180CD
:10CC600000487047B803002470B506460C4882217E
:10CC700000F07AFB05460A48012100F075FB0446E6
:10CC80000748812100F070FB0DB11021A9714021EE
:10CC900004B1A18000B1818043203080004870BD84
:10CCA000C403002470B506460D48822100F05CFBE9
:10CCB00005460B48012100F057FB04460848812136
:10CCC00000F052FB0DB11021A9714FF4007104B1B5
:10CCD000A18000B1818043203080014870BD0000F8
:10CCE000C403002470B506460C48822100F03CFBCA
:10CCF00005460A48012100F037FB04460748812118
:10CD000000F032FB0DB11021A971402104B1A180C6
:10CD100000B1818043203080004870BDC4030024EE
:10CD20002DE9F04704464FF40776304601F0D6F877
:10CD300005464FF00008002D64D031462846F3F731
:10CD40009BFBD4F8D40204EB8000C0F8C052C4F8B6
:10CD5000BC520127207C4FF4007A474E4FF0100957
:10CD6000F0B3317840230222204600F073FD307882
:10CD700000F00F0000EB800004EB8000878440236C
:10CD800071780222204600F065FD707800F00F00F7
:10CD900000EB800004EB8000A0F86471B07800F034
:10CDA0000F0000EB800004EB8000A0F82690082321
:10CDB000B1780322204600F04DFDB07800F00F005E
:10CDC00000EB800004EB80008784C5F80482D4F86F
:10CDD000D40204EB8000D0F8C4020068804700E071
:10CDE00018E0C5F81482C5F81882D5F80422C2B339
:10CDF000207CB8B371784023204600F037FD002036
:10CE0000BDE8F087D4F8D40204EB8000C0F8C082FB
:10CE10000220F5E7317802225346204600F01AFD41
:10CE2000307800F00F0000EB800004EB8000878476
:10CE3000022271785346204600F00CFD707800F015
:10CE40000F0000EB800004EB8000A0F86471B07864
:10CE500000F00F0000EB800004EB8000A0F82690AB
:10CE6000A5E700E001E00220CAE7717853462046BA
:10CE700000F0FCFCC3E70000B403002410B5D0F8B8
:10CE8000D41200EB8101D1F8C01200290AD0027C33
:10CE9000094C4AB1D1F804224023617800F0E6FC45
:10CEA000002010BD032010BDD1F804224FF4007300
:10CEB000617800F0DBFCF3E7B4030024002907D01D
:10CEC000D0F8D42200EB8200C0F8C41200207047D2
:10CED00003207047D0F8D42200EB8200D0F8C002C3
:10CEE000002803D0C0F804120020704703207047C8
:10CEF000D0F8D43200EB8300D0F8C002002805D06F
:10CF0000C0F80812C0F810220020704703207047B4
:10CF10002DE9FC4106460C46D6F8D40206EB80000B
:10CF2000D0F8C0720021019100910025002F0DD092
:10CF3000217811F0600238D0202A09D021463046ED
:10CF400000F0C5F803252846BDE8FC810320FBE777
:10CF5000E2880AB3090610D5D0F8C402394694F81D
:10CF600001C0836860469847E288072A00D90722F3
:10CF70003946304600F0D1F8E5E7607887F80002DE
:10CF8000E088402800D34020C2B287F80122394609
:10CF9000304600F0A8F8D6E7D0F8C4020022637843
:10CFA000214686681846B047CDE7607858B1012819
:10CFB000C9D00A2817D00B2825D02146304600F0CA
:10CFC00086F80325BFE796F89C02032805D0214682
:10CFD000304600F07CF80325B5E70222694630466A
:10CFE00000F09BF8AFE796F89C02032805D0214695
:10CFF000304600F06CF80325A5E70122304601A970
:10D0000000F08BF89FE796F89C0203289BD02146FE
:10D01000304600F05CF8032595E7000010B5D0F825
:10D02000D41200EB8101D1F8C0220121002A03D0E3
:10D03000D2F8143213B114E0032010BD02F50272CD
:10D040000121D16008499468097801F00F0303EBCE
:10D05000830300EB83039C619368126800F0B1FCCA
:10D060000021084610BD0000B403002410B50024C0
:10D07000D0F8B8225268904700B10324204610BD72
:10D0800090F89C22012A05D0022A03D0032A01D05D
:10D0900000F01DB84988012904D10021C0F8A4126C
:10D0A00000F048B87047002070470020704710B566
:10D0B00013460A46002100F0D9FB002010BD10B530
:10D0C00013460A46002100F07CFC002010BD10B57C
:10D0D00004468021204600F055FC2046BDE8104063
:10D0E000002100F04FBC10B50323C0F89432C0F803
:10D0F0005821C0F85C2113460A46002100F0B6FB17
:10D10000002010BD10B50521C0F8941200231A4666
:10D11000194600F0ABFB002010BD10B50223C0F88B
:10D1200094328261C26113460A46002100F049FC34
:10D13000002010BD10B50421C0F8941200231A4637
:10D14000194600F03EFC002010BD0A46D188012996
:10D1500002D01146FFF7BBBF90F89C12012906D000
:10D16000022904D0032909D01146FFF7B0BF0021DE
:10D170008160012200F10801FFF7CFBF0122011DEC
:10D18000FFF7CBBF2DE9F84304460F46002000907F
:10D19000002600257988080A062870D006DC0128B8
:10D1A0002FD0022835D0032804D148E0072867D0C3
:10D1B0000F2817D039462046FFF789FF0125002D9B
:10D1C0000ED1FA88002A71D0BDF8000000286ED078
:10D1D000824200D90246009231462046FFF79DFF69
:10D1E000BDE8F883D4F8B402C26922B1207C694654
:10D1F00090470646E3E739462046FFF768FF0125DA
:10D20000DDE7D4F8B412207C0A68694690470646E8
:10D21000D5E7207C4FF0020840B1D4F8B802C16ACB
:10D2200068468847064686F80180C8E7D4F8B80201
:10D23000816A68468847064686F80180BFE7C8B21B
:10D24000062862D2DFE800F0031223344352D4F8F8
:10D25000B402426822B1207C694690470646AEE798
:10D2600039462046FFF733FF0125A8E7D4F8B4027A
:10D27000826832B1207C6946904706469FE74AE0C3
:10D2800058E039462046FFF722FF012597E7D4F8FA
:10D29000B402C26822B1207C6946904706468EE7F8
:10D2A00039462046FFF713FF012588E758E052E092
:10D2B000D4F8B402026922B1207C69469047064640
:10D2C0007DE739462046FFF702FF012577E7D4F8CE
:10D2D000B402426922B1207C6946904706466EE757
:10D2E00039462046FFF7F3FE012568E7D4F8B4027B
:10D2F000826922B1207C6946904706465FE739463D
:10D300002046FFF7E4FE012559E739462046FFF79E
:10D31000DEFE012553E7207C28B139462046FFF781
:10D32000D6FE01254BE7D4F8B802416B6846884722
:10D33000064644E7207C28B139462046FFF7C7FE61
:10D3400001253CE7D4F8B802016B684688470646D9
:10D350000721717033E739462046FFF7B8FE3FE7F3
:10D360002046FFF7E7FE3BE778B50E46054600246A
:10D3700028466A8829788A4211D900910AE06946CC
:10D3800000F019F84178052904D10446A178B1428A
:10D3900005D000246988BDF800209142EFD82046CE
:10D3A00078BD002102E0491CC9B2401C0278002A65
:10D3B000F9D1084670470A8803781A440A80017830
:10D3C000084470470A4690F89C12012906D00229A9
:10D3D00004D0032902D01146FFF779BED188022973
:10D3E00002D01146FFF773BE0121C160D0F8A4122C
:10D3F00009B10321C160022200F10C01FFF78DBECB
:10D4000070B50D461646002818D004462046FFF792
:10D41000C8FF022101EB40003080307828700320E3
:10D4200068700220002206E02954641C401CC0B22F
:10D430002A54401CC0B221780029F5D170BD0146A4
:10D440000020002906D0012905D0022905D0032992
:10D4500005D0032070470320704701207047032048
:10D460007047000010B5002806D007A00A460549FD
:10D47000FFF7C6FF034810BD03A00A460149FFF7A6
:10D48000BFFFF7E78C99002443444320436F6E6647
:10D49000696700001220088000487047600300247C
:10D4A00010B5002806D007A00A460549FFF7A8FFD7
:10D4B000034810BD03A00A460149FFF7A1FFF7E7A3
:10D4C0008C99002443444320496E746572666163FD
:10D4D0006500000004200880004870475C030024B9
:10D4E00010B504A00A460249FFF78AFF004810BDA4
:10D4F0008C99002453544D6963726F656C65637435
:10D50000726F6E696373000010B5002806D007A023
:10D510000A460549FFF774FF034810BD03A00A46F9
:10D520000149FFF76DFFF7E78C99002453544D3301
:10D5300032205669727475616C20436F6D506F7242
:10D540007400000010B51A200880F5F75FF9014853
:10D5500010BD00008003002400280FD00023C0F875
:10D56000B832C0F8C432C0F8D03209B1C0F8B41231
:10D57000012180F89C12027000F0FEB80320704771
:10D5800010B5D0F8C802F8F7E7F9BDE81040FFF78A
:10D5900056BF10B5D0F8C802F8F7BAF9BDE8104088
:10D5A000FFF74DBF70B504460B461646002B08D05A
:10D5B00043F080012046FFF776FDFF285ED078B368
:10D5C0005CE004F11400D4F89412002502293CD147
:10D5D000D0E902218A420CD9521A82603146204693
:10D5E000FFF76DFD002320461A46194600F03EF96C
:10D5F0002BE0914215D14068884212D3D4F898129A
:10D6000088420ED2002220461146FFF758FDC4F88A
:10D61000985200231A461946204600F027F914E0D4
:10D620001CE094F89C02032808D1D4F8B802C16821
:10D6300021B1C4F8D452C1682046884780212046D1
:10D6400000F0A0F92046FFF75DFD94F8A002A8B114
:10D65000204600F0F5F984F8A0520FE094F89C12EF
:10D6600003290BD1D4F8B8124A693AB1C4F8D402EC
:10D6700020464A6919469047002800D1002070BD15
:10D6800070B504460B4615460022002B08D003F067
:10D690007F012046FFF707FDFF2854D078B352E002
:10D6A00004F5AA70D4F8941203294CD1D0E90221D0
:10D6B0008A420AD9521A8260C068824200D3024666
:10D6C00029462046FFF7F3FC3DE094F8AA0210F04B
:10D6D0001F0006D0012806D002280AD0002078B109
:10D6E0001BE00020FBE794F8AE122046FFF7DDFCBC
:10D6F000F5E794F8AE122046FFF7D5FCEFE710E00F
:10D7000094F89C12032908D1D4F8B8120A6922B1FE
:10D71000C4F8D4022046096988472046FFF70AFD6D
:10D7200011E094F89C1203290AD1D4F8B8128D693B
:10D7300035B1C4F8D40220468A691946904702469A
:10D740000AB1104670BD002070BD0020704710B5B2
:10D750000024012180F89C12D0F8B822002A04D0BD
:10D7600052680179904700B10324204610BDD0F8DB
:10D77000C802F8F71DB9000010B50178012929D1B8
:10D780001549C1F80805C0F8C812144808600920F6
:10D79000486002220A610020C8608A61C86108628C
:10D7A0004862C862086348630846F8F74CFC08B151
:10D7B000F4F7A4FE08484FF40071F8F75AF8064849
:10D7C00080220021F8F759F8034801214FF4BA727A
:10D7D000F8F753F8002010BDACAD00240000044061
:10D7E0000A06D0F8C80201F07F0101EBC10100EB8D
:10D7F000810002D590F83E00704790F87E02704795
:10D8000010B5D0F8D42200EB8202D2F8B822002A58
:10D8100004D090F89C32032B02D004E0032010BD0A
:10D82000126A02B19047002010BD10B5D0F8D42282
:10D8300000EB8202D2F8B822002A04D090F89C3281
:10D84000032B02D004E0032010BD526A02B19047BE
:10D85000002010BD10B514461A46D0F8C802234661
:10D86000F8F7AFF8BDE81040FFF7E9BD10B5D0F804
:10D87000C802F8F7D4F8BDE81040FFF7E0BD2DE985
:10D88000F04104460025012684F89C620020C4F87B
:10D8900094026060C4F8A40284F8A002D4F8B8022C
:10D8A000002806D0426822B100212046904700B1EE
:10D8B00003252046002240231146FFF7CBFFA4F8A2
:10D8C00064614027C4F86071402300222046802113
:10D8D000FFF7C0FFA68427622846BDE8F08190F8D4
:10D8E0009C12042903D190F89D1280F89C1200200C
:10D8F000704710B590F89C12032905D1D0F8B812E2
:10D9000011B1C96901B18847002010BD0174002020
:10D91000704710B5D0F8C802F8F75FFCBDE81040BA
:10D92000FFF78DBD70B5044604F2AA20054600F04D
:10D9300051F80120C4F89402B4F8B002C4F8980277
:10D9400094F8AA2212F01F000AD001280ED0022853
:10D9500012D02046BDE8704002F0800100F012B8FD
:10D9600029462046BDE8704000F024B929462046EB
:10D97000BDE8704000F069BA29462046BDE8704015
:10D9800000F053B910B5D0F8C802F8F761F8BDE857
:10D990001040FFF754BD10B5D0F8C802F8F738FCB6
:10D9A000BDE81040FFF74BBD90F89C12042903D04E
:10D9B00090F89C1280F89D12042180F89C1200209F
:10D9C000704710B5D0F8C802F8F77AF8BDE81040F3
:10D9D000FFF735BD70B504460846017821704178DF
:10D9E000801C617005462846FEF768F8608028466E
:10D9F000851C2846FEF762F8A0802846801CFEF7AA
:10DA00005DF8E08070BD38B5044600200090002924
:10DA100014D0C4F8B812D4F8D40204EB8000D0F8C3
:10DA2000B802C16A19B168468847C4F8D002D4F870
:10DA3000D802401CC4F8D802002038BD032038BDED
:10DA40000020704770B504468888002821D1C88816
:10DA5000F8B9488880281CD200F07F0594F89C0211
:10DA600003280DD084F89E5229462046FFF751FF27
:10DA70002046FFF75FFB45B1022084F89C0270BD91
:10DA80002046BDE87040FFF722BB012084F89C02CD
:10DA900070BD2046BDE87040FFF719BB034600206B
:10DAA000D3F8B822002A02D01268184610477047EF
:10DAB0002DE9F04104460F460025334EB978317008
:10DAC000012906D939462046FFF701FB0320BDE8AE
:10DAD000F08194F89C024FF0020802280CD0032831
:10DAE00024D039462046FFF7F2FA31782046FFF776
:10DAF000BDFA03252846EAE7A1B161602046FFF799
:10DB0000CDFF0546280006D039462046FFF7DFFA4C
:10DB100084F89C82EEE72046FFF70CFB032084F894
:10DB20009C02E7E72046FFF705FBE3E7C9B1606821
:10DB3000884224D0C1B22046FFF798FA317861605C
:10DB40002046FFF7ABFF0546280014D03946204693
:10DB5000FFF7BDFA21792046FFF788FA84F89C8206
:10DB6000C8E784F89C8261602046FFF77FFA204670
:10DB7000FFF7E0FABEE72046FFF7DCFABAE72046F7
:10DB8000FFF7D8FAB6E70000B00300244A88012A5C
:10DB900003D0022A06D0FFF79ABA0121C0F8A412D6
:10DBA000FFF7C8BA8988090A80F8A012FFF7C2BA3D
:10DBB000FFF7F1BE10B500240A7812F0600211D010
:10DBC000202A05D0402A03D0FFF781FA204610BD55
:10DBD000D0F8D42200EB8202D2F8B82292689047A3
:10DBE0000446F3E74A780A2A1CD2DFE802F012184A
:10DBF0001B151B08051B0F0BFFF7C4FAE6E7FFF721
:10DC000021FFE3E7FFF754FF0446DFE7FFF79DFA44
:10DC1000DCE7FFF7D7FBD9E7FFF7B8FFD6E7FFF759
:10DC20002FFAD3E7FFF753FAD0E72DE9F041054685
:10DC30000E4600273479307810F060001ED020287E
:10DC400008D0402806D031462846FFF740FA38462B
:10DC5000BDE8F08121462846FFF725FAFF28F6D0D7
:10DC60000028F4D1C5F8D402D5F8B8028268002A99
:10DC7000EDD03146284690470746E8E770780028FF
:10DC800070D0012831D0032804D031462846FFF750
:10DC90001EFADCE795F89C02022806D0032815D06E
:10DCA00031462846FFF713FAD1E754B1802C08D04B
:10DCB00021462846FFF766FE80212846FFF762FED0
:10DCC000C5E731462846FFF702FAC0E7708840B939
:10DCD0003CB1802C05D0F08818B921462846FFF7C2
:10DCE00051FE2846FFF726FAB1E795F89C02022874
:10DCF00006D0032815D031462846FFF7E8F9A6E7F5
:10DD000054B1802C08D021462846FFF73BFE8021E5
:10DD10002846FFF737FE9AE731462846FFF7D7F93E
:10DD200095E77088002892D1600603D021462846E6
:10DD3000FFF726FC2846FFF7FDF921462846FFF7A6
:10DD4000B2F9FF2883D0002881D1C5F8D402D5F8D4
:10DD5000B8028268002A90D031462846904707468C
:10DD600075E7FFE795F89C024FF00008022806D0FF
:10DD7000032825D031462846FFF7A9F967E734B1D3
:10DD8000802C04D031462846FFF7A1F95FE7200632
:10DD900007D504F07F0000EB800005EB8001143113
:10DDA00007E004F07F0000EB800005EB800101F547
:10DDB000AA71C1F8008002222846FFF7AEF946E7B3
:10DDC00020060CD504F00F0000EB800005EB80006E
:10DDD000808C68B931462846FFF779F937E704F0B7
:10DDE0000F0000EB800005EB8000B0F8640148B143
:10DDF00020060CD504F07F0000EB800005EB8006C8
:10DE000014360CE031462846FFF761F91FE704F0AD
:10DE10007F0000EB800005EB800606F5AA764CB18A
:10DE2000802C07D021462846FFF7DAFC28B10120D4
:10DE3000306004E0C6F8008001E0C6F800800222ED
:10DE400031462846FFF769F901E770B505460E46E9
:10DE50000024307810F0600009D0202807D0402836
:10DE600005D031462846FFF732F9204670BD95F8B7
:10DE70009C02012808D0022806D0032804D031468D
:10DE80002846FFF724F9F0E7B088C1B201291ED86F
:10DE9000C1B22846FFF709F9FF2800D048B1032492
:10DEA000F0880028E1D1002CDFD12846FFF742F9A5
:10DEB000DBE7D5F8B8128A683AB1C5F8D40228462B
:10DEC0008A68314690470446EAE70324E8E731468A
:10DED0002846FFF7FCF8C8E7704700000048704785
:10DEE0008CAB002470B50A7801234E7802F00F0441
:10DEF0001C4DA340012E19D0D0F81C4844EA03431E
:10DF0000C0F81C3800EB4210D0F8002B12040BD4E0
:10DF1000D0F8002B0B890979C3F30A031A4345EAA9
:10DF200081410A43C0F8002B002070BDD0F81C4886
:10DF30009BB21C43C0F81C4800EB4210D0F80039DB
:10DF40001B04F1D4D0F800390C890979C4F30A0410
:10DF50008904234341EA82510B432B43C0F8003923
:10DF6000E2E7000000800010D0F800196FF30A010A
:10DF7000C0F80019D0F8041841F48071C0F80418F2
:10DF8000002070472DE9F04F06460C462DED048B1E
:10DF9000A3B0002E50D0002C4ED04FF4807084429D
:10DFA00000D90446DFF890B2DFF89092DBF8001059
:10DFB0000A19B2F5807F16D98025802901D92A4611
:10DFC00000E00A4602D9A1F1800101E04FF0000112
:10DFD0009A484944F2F729FADBF80000802800D873
:10DFE0000546CBF80050DBF8000022463146484495
:10DFF000F2F71BFADBF800002044CBF800004FF0EA
:10E0000000089FED8F9A6FF02F0A4FF0FF373B46C5
:10E010000020DBF8002004E019F80010282910D0B7
:10E02000401C9042F8DB002B0DDADBF80000B0F565
:10E03000807F01D1CBF8008023B0BDEC048BBDE81C
:10E04000F08F0346EFE7591C04E019F80100292876
:10E0500012D0491C9142F8DB002F0FDA002BEBDDC8
:10E06000DBF80000C41A754809EB03012246F2F7F9
:10E07000DCF9CBF80040DFE70F46EDE7FC1A641C43
:10E08000602C00DB5F2409EB030122460BA8F2F7AA
:10E09000CCF90BA800F804800BAE9DF82C002828C2
:10E0A00000D1761C29213046F2F7F1F908B180F849
:10E0B00000809FED648AF0EE488ACDF81C80CDF890
:10E0C0002080CDF82480CDF8288000253146307896
:10E0D0002C2800D0C0BB741A182C00D3172401A818
:10E0E0002246F2F7A2F901A800F8048001AC00E092
:10E0F000641C20782028FBD00928F9D00D28F7D0FF
:10E100000A28F5D02046F2F7CCF9204400E0401E62
:10E11000A04209D910F8011C2029F8D00929F6D00D
:10E120000D29F4D00A29F2D080F800806DB1012DBC
:10E130000BD0A5F1020CBCF1030F52D80020002136
:10E1400022782D2A3AD042E04FE020782D2804D0C2
:10E15000002101B1641C002007E00121F9E700EB78
:10E1600080000AEB40001044641C2278A2F13003C6
:10E17000092BF4D900EE100AB8EE400A20782E28B8
:10E1800012D1641CF0EE490AB0EE601A08E001EE0C
:10E19000900AF8EEE11A00EEA10A60EE810A641C12
:10E1A000207830380928F2D909B1B1EE400A15B10A
:10E1B000F0EE408A15E0B0EE408A12E00121641CC6
:10E1C00005E000EB80000AEB40001044641C22785C
:10E1D000A2F13003092BF4D901B1404207A941F85B
:10E1E0002C006D1C711C307808B1761C6FE7062D71
:10E1F00012DB124C143C84ED008AC4ED018A0798AE
:10E200002072089860720998A0720A98E072012042
:10E210002073F7F743FA2061DBF80000C41B641E8B
:10E2200034B109EB07010548491C2246F2F7FDF815
:10E23000CBF80040E9E6000018030024C88C002455
:10E24000CDCCCC3D000000000FB410B504460898BA
:10E25000012821D0E06840F04000E060204600F056
:10E260003DF80C9979B3A16B21F48031A163059934
:10E2700001290ED1E16D89B2E165E16D154A1143C5
:10E28000E165A16841F00601A160A16841F02001AB
:10E29000A16010BC5DF814FBA06B20F48030A0637B
:10E2A000E0680D490840E060E06820F44010E0605C
:10E2B0000F98012803D1E06840F48010E060204608
:10E2C00000F00CF8D3E7FFE7A16B41F48031A163C4
:10E2D000CDE700000000EE03BFFFBDFF08B500233F
:10E2E00000930F49009A521C0092009A8A4201D969
:10E2F000032008BD0269002AF4DA0093026942F0A3
:10E3000001020261009A521C0092009A8A4201D9CD
:10E31000032008BD0269D207F4D1002008BD000027
:10E32000400D030070B50A7801254B78012B00EBF6
:10E3300042122BD0D2F8003B002B0BDAD2F8003B74
:10E3400043F00063C2F8003BD2F8003B43F0804347
:10E35000C2F8003B00F61C00046A0B7803F00F06BD
:10E3600005FA06F324EA034404620468097801F01C
:10E370000F0105FA01F324EA03410160D2F8000B12
:10E3800018490840C2F8000B002070BDD2F80039CF
:10E39000002B0BDAD2F8003943F00063C2F80039E1
:10E3A000D2F8003943F08043C2F8003900F61C006F
:10E3B000046A0B7803F00F0605FA06F39EB2B44325
:10E3C00004620468097801F00F0105FA01F399B2BB
:10E3D0008C430460D2F8000903490840C2F80009E0
:10E3E000D2E700000078F3EF007833ECD0F8001E9D
:10E3F00021F00301C0F8001ED0F8041821F002013A
:10E40000C0F8041800207047D0F8001E21F0030166
:10E41000C0F8001ED0F8041841F00201C0F804183A
:10E42000002070470FB4F0B50446002600200025F8
:10E4300004EB8001C1F80451401C0F28F8D3109858
:10E4400048B3A06B40F40011A163C4F8005ED4F897
:10E450000018C4F800180B9801282FD0032120467B
:10E4600000F0BBFB1021204600F0B8FA00B10126F5
:10E47000204600F091FA00B10126C4F81058C4F803
:10E480001458C4F81C5800204FF000624FF67F3734
:10E490004FF0904333E0D4F8040840F00201C4F890
:10E4A0000418A06B20F40011A163206840F0400123
:10E4B0002160206840F080012160C6E7099820B102
:10E4C0000121204600F089FBCCE70021204600F026
:10E4D00084FBC7E704EB4011D1F800C9BCF1000F81
:10E4E00006DA10B1C1F8003904E0C4F8002901E0EF
:10E4F000C1F80059C1F81059C1F80879401C0699B3
:10E500008142E7D8002014E004EB4011D1F800CBA1
:10E51000BCF1000F06DA10B1C1F8003B04E0C4F80A
:10E52000002B01E0C1F8005BC1F8105BC1F8087B6B
:10E53000401C06998142E7D8D4F8100820F4807175
:10E54000C4F81018A5616FF080406061089818B990
:10E55000A06940F01000A061A0690A490843A061C9
:10E560000C9818B1A06940F00800A061109801282B
:10E5700003D1A06904490843A0613046F0BC5DF8AE
:10E5800014FB000000383C8004000040816821F04A
:10E59000010181600020704710B5036C124CA3424A
:10E5A00005D9D0F8003B002B01DA002010BD00F5A2
:10E5B000316000230360036843F4002303600368B1
:10E5C00043F018030360036843F0C0430360A0F501
:10E5D0003160012906D100F530604261016841F0E7
:10E5E00080210160002010BD0A30544F0B784A781A
:10E5F000012A00EB43100BD0D0F8002B22F40012BC
:10E60000C0F8002B0979032914D0022912D017E091
:10E61000D0F8002922F40012C0F800290979032952
:10E6200001D002290CD1D0F8001941F08051C0F876
:10E63000001905E0D0F8001B41F08051C0F8001B24
:10E64000002070470A784B780978012B00EB4110C5
:10E6500012D0D0F8001B002906DB2AB1D0F8001B2D
:10E6600021F08041C0F8001BD0F8001B41F40011DC
:10E67000C0F8001B00207047D0F80019002906DB05
:10E680002AB1D0F8001921F08041C0F80019D0F863
:10E69000001941F40011C0F80019EBE7F8B50C7847
:10E6A0006FF060460B784F788E4D012F00EB4313CF
:10E6B00029D0D3F8107B6FF31207C3F8107BD3F87F
:10E6C000107B2F40C3F8107B002C7DD00D69002DEE
:10E6D0007BD08C6825446D1EB5FBF4F5ADB26C4360
:10E6E0000C62D3F8104B06EAC5452C43C3F8104B17
:10E6F000D3F8104B0D6AC5F312052C43C3F8104B29
:10E70000012A7DD0D1E00F6927B3D3F810796FF3D8
:10E710001207C3F81079D3F810792F40C3F8107995
:10E7200034B30F698D682F447F1EB7FBF5F506EAF9
:10E73000C545D3F810693543C3F81059D3F81059BB
:10E740000E69C6F312063543C3F810590D79012D31
:10E750001AD023E003F511631E682E401E601D6869
:10E7600045F400251D601D686FF312051D6015E05E
:10E770000E698D68AE4200D90D61D0F8105945F48C
:10E780000026C0F81069D9E703F511631D6825F06C
:10E79000C0451D601D6845F000551D60012A1BD055
:10E7A00000EB4413D3F8004944F00444C3F8004993
:10E7B0000C79012C39D00A69002A0CD0D0F8342801
:10E7C000097801F00F0301E048E05BE00121994086
:10E7D0000A43C0F8342882E0CA691AB100EB441336
:10E7E000C3F814290979012916D1D0F80818C905E8
:10E7F0000AD400EB4411D1F8002942F0005200E0A5
:10E800004FE0C1F8002907E000EB4411D1F80029DE
:10E8100042F08052C1F8002900EB4410D0F80019F2
:10E8200041F00441C0F8001959E0D0F80848E40567
:10E8300006D4D3F8004944F00054C3F8004905E079
:10E84000D3F8004944F08054C3F8004900920A8A82
:10E8500093B20A78C96800F041FA40E00C690CB143
:10E860008C680C618C680C62D0F8105BC4F31204E5
:10E870002543C0F8105BD0F8104B44F40024C0F8D6
:10E88000104B3DE7D3F8104B8D68C5F312052C43B0
:10E89000C3F8104BD3F8104B44F40024C3F8104BCA
:10E8A0002EE7CA680AB1C3F8142B0979012910D1DF
:10E8B000D0F80808C00506D4D3F8000B40F000508B
:10E8C000C3F8000B05E0D3F8000B40F08050C3F80C
:10E8D000000BD3F8000B40F00440C3F8000B0020FD
:10E8E000F8BD0000FFFF07E038B5002200920B786A
:10E8F0004D7800EB431442F21073012D1AD0D4F876
:10E90000005B002D40DAD4F8005B45F00065C4F8E8
:10E91000005B0C7800EB4414D4F8005B45F08045B4
:10E92000C4F8005B009C641C0094009C9C4224D9A9
:10E93000012229E0D4F80059002D25DAD4F8005935
:10E9400045F00065C4F800590C7800EB4414D4F885
:10E95000005945F08045C4F80059009C641C00949F
:10E96000009C9C4201D901220EE00C7800EB44147B
:10E97000D4F80049002CF0DB06E00C7800EB4414DE
:10E98000D4F8004B002CCDDB104638BD816841F037
:10E99000010181600020704708B5002300930E49F3
:10E9A000009A521C0092009A8A4201D9032008BDA5
:10E9B0000269002AF4DA009310220261009A521CC4
:10E9C0000092009A8A4201D9032008BD0269D2064A
:10E9D000F4D4002008BD0000400D030018B5002449
:10E9E00000940F4A009B5B1C0093009B934201D94B
:10E9F000032018BD0369002BF4DA0094202343EAB6
:10EA0000811101610099491C00910099914201D93D
:10EA1000032018BD01698906F4D4002018BD000048
:10EA2000400D0300D0F8080800F00600002805D0CB
:10EA3000022805D0062803D00F2070470020704719
:10EA400002207047406900F001007047D0F81818A4
:10EA5000D0F81C08084080B27047D0F81818D0F8D9
:10EA60001C080840000C704710B5D0F81038D0F8DA
:10EA7000342801F00F04E24002F0010243EAC2121E
:10EA800000EB4110D0F80809104010BD00EB411117
:10EA9000D1F8081BD0F81408084070474169806914
:10EAA0000840704730B503460846940802F0030159
:10EAB000002203F5805303E01D6840F8045B521CFC
:10EAC000A242F9D300290BD000221C68D50024FAF9
:10EAD00005F300F8013B521C491E89B20029F5D10B
:10EAE00030BD30B52DED028BB0EE608A91B001AD36
:10EAF000282128468DF804103F21401C01F062FEB9
:10EB0000401C402822D22C21441C29542819B0EE44
:10EB1000480AC4F1400101F055FE2044402817D2B4
:10EB200001462922401C6A54402813D20D22411C60
:10EB30002A54402910D20A22481C6A5481B201A8E2
:10EB4000F2F798FC11B0BDEC028B30BD0320F9E761
:10EB50000320F7E70320F5E70320F3E770B5054648
:10EB60000024E86820F0C040E860012902D089B1A3
:10EB7000012070BDE86840F00050E8600120F5F722
:10EB8000D1FE641C2846FFF75DFF012810D0322C0F
:10EB9000F4D30DE0E86840F08040E8600120F5F72C
:10EBA000C1FE641C2846FFF74DFF08B1322CF5D397
:10EBB000322C01D0002070BD012070BD00F5006036
:10EBC000026822F4FE62026002684FF4FE6303EA08
:10EBD00001110A43026000207047D0F800280A4360
:10EBE000C0F8002800207047022A0ED082B3092105
:10EBF000C26822F47052C260C2684FF4705303EAD4
:10EC000081210A43C26000207047224A224B0A44F5
:10EC10009A4201D20F21EBE7204A214B0A449A4243
:10EC200001D20E21E4E71F4A1F4B0A449A4201D247
:10EC30000D21DDE71D4A1E4B0A449A4201D20C21E8
:10EC4000D6E71C4A1C4B0A449A4202D20B21CFE75A
:10EC50001DE01A4A1A4B0A449A4201D20A21C7E718
:10EC6000184A194B0A449A4201D20921C0E7174AAF
:10EC7000174B0A449A4201D20821B9E7154A1144B8
:10EC8000154A914201D20721B2E70621B0E70921D6
:10EC9000AEE70000405327FF00350C00401E1BFF6D
:10ECA00040420F0000DC0BFF804F1200808CF9FE09
:10ECB00020D6130060B6E5FE60E3160000D3CEFE5A
:10ECC00040771B00C05BB3FEC091210000CA91FEDB
:10ECD00020753800E05459FEE09C410010B5029CBC
:10ECE000002C0DD1DB1C9C08002300EB023000F54A
:10ECF000805003E051F8042B02605B1CA342F9D35F
:10ED0000002010BDFEE7000070B504462DED048B19
:10ED1000B0EE408A91ED1D0AA04DB1EE400A85ED9E
:10ED2000040A91ED050AB1EE400A85ED050A94ED5D
:10ED3000180AF1F77FFFD4ED040A20EE200A84EDD3
:10ED4000080A94ED170AF1F775FFD4ED010A20EED9
:10ED5000200A84ED060A94ED180AF1F707FCD4EDB9
:10ED6000000A94ED041A41EE000AC4ED070A94ED7E
:10ED7000170AF1F7FBFBD4ED010A20EE200A84ED1F
:10ED8000050AD4ED070A94ED061A30EEC00A60EECB
:10ED9000000A94ED080A30EE410A40EE000AB7EE90
:10EDA000E00A00F0BBFDB7EEC01B84ED0F1A94ED36
:10EDB000070AD4ED050AF0EE008A70EE601A94EDB1
:10EDC000020A60EE280A61EEA01AC4ED121A94ED50
:10EDD000082AD4ED062A32EE622A62EE200AC4ED39
:10EDE000130A20EE000A01EE010A94ED031A01EE67
:10EDF000410A84ED140A21EEA11A00EEA01A00EED9
:10EE0000401AB7EEC10A00F089FD94ED131AB7EE6F
:10EE1000C11A30EE010B94ED141AB7EEC00BD4ED0D
:10EE2000120A70EE810A00F01FFC20EE280A84ED21
:10EE3000150AF1F79BFBD4ED050A94ED071A70EE65
:10EE4000C18AD4ED020A40EE808A94ED150AF1F7EA
:10EE5000F1FEF0EE400A94ED060A94ED081A30EE49
:10EE6000410A94ED021A01EE200AF0EE680A00F061
:10EE7000FBFB84ED160A94ED170AF1F777FBD4ED4E
:10EE8000010A60EE208A94ED150AF1F76FFBD4EDCC
:10EE9000020A40EE808AC4ED098A94ED170AF1F760
:10EEA000C9FED4ED010A60EE208A94ED150AF1F74F
:10EEB000C1FED4ED020A40EE808AC4ED0A8A94EDC8
:10EEC000090AD4ED000AB6EE009A00EEC90A20EE57
:10EED000000A08EEA80AB7EEC00A00F01FFDB7EE60
:10EEE000C00B84ED0B0AD4ED090A94ED000A40EE44
:10EEF000490A94ED0A0A00F0B7FB84ED0C0A9FED75
:10EF0000281A71EE400AC4ED0D0A94F8AC0020B93D
:10EF100084ED110A012084F8AC00D4ED110A70EEE2
:10EF2000601AC1EE880AC4ED100AF1EE601AC4ED51
:10EF30000E1AD5ED041A31EE611A31EE401A84ED45
:10EF4000221A95ED051AB1EE411A71EE600AC4ED70
:10EF5000230A84ED110A94ED0B1A94ED280A71EE40
:10EF6000401A81EE880A84ED260AD4ED291A70EE43
:10EF7000611A81EE882A84ED272A84ED290A84ED1E
:10EF8000281A94ED240A30EEC00A80EE081A84EDA7
:10EF9000251AC4ED240ABDEC048B70BD8400002446
:10EFA000DA0FC93F70B504462DED048BB0EE408AF0
:10EFB0009F4D91ED1D0A85ED020A91ED050A85ED43
:10EFC000030A94ED180AF1F735FED4ED040A20EE99
:10EFD000200A84ED080A94ED170AF1F72BFED4ED10
:10EFE000010A20EE200A84ED060A94ED180AF1F7D2
:10EFF000BDFAD4ED000A94ED041A41EE000AC4ED06
:10F00000070A94ED170AF1F7B1FAD4ED010A20EEE0
:10F01000200A84ED050AD4ED070A94ED061A30EEB5
:10F02000C00A60EE000A94ED080A30EE410A40EE94
:10F03000000AB7EEE00A00F071FCB7EEC00B84EDF9
:10F040000F0AD4ED070A94ED051AF0EE008A70EE6F
:10F05000C11A94ED021A61EE280A61EEA01AC4EDFD
:10F06000121A94ED082AD4ED062A32EE622A62EED4
:10F07000200AC4ED130A21EE011A00EE001A94EDE5
:10F08000030A00EE401A84ED141A21EEA10A00EEE4
:10F09000A00A01EE410AB7EEC00A00F03FFC94ED71
:10F0A000131AB7EEC11A30EE010B94ED141AB7EE35
:10F0B000C00BD4ED120A70EE810A00F0D5FA20EEF2
:10F0C000280A84ED150AF1F751FAD4ED050A94EDFA
:10F0D000071A70EEC18AD4ED020A40EE808A94EDE0
:10F0E000150AF1F7A7FDF0EE400A94ED060A94ED3B
:10F0F000081A30EE410A94ED021A01EE200AF0EEF1
:10F10000680A00F0B1FA84ED160A94ED170AF1F7D7
:10F110002DFAD4ED010A60EE208A94ED150AF1F77C
:10F1200025FAD4ED020A40EE808AC4ED098A94EDF6
:10F13000170AF1F77FFDD4ED010A60EE208A94ED05
:10F14000150AF1F777FDD4ED020A40EE808AC4ED8E
:10F150000A8A94ED090AD4ED000AB6EE009A00EE90
:10F16000C90A20EE000A08EEA80AB7EEC00A00F0AD
:10F17000D5FBB7EEC00B84ED0B0AD4ED090A94ED74
:10F18000000A40EE490A94ED0A0A00F06DFA84ED97
:10F190000C0A9FED281A71EE400AC4ED0D0A94F88E
:10F1A000AC0020B984ED110A012084F8AC00D4ED44
:10F1B000110A70EE601AC1EE880AC4ED100AF1EE71
:10F1C000601AC4ED0E1AD5ED021A31EE611A31EE55
:10F1D000401A84ED221A95ED031AB1EE411A71EE30
:10F1E000600AC4ED230A84ED110A94ED0B1A94ED24
:10F1F000280A71EE401A81EE880A84ED260AD4EDC1
:10F20000291A70EE611A81EE882A84ED272A84ED8E
:10F21000290A84ED281A94ED240A30EEC00A80EE03
:10F22000081A84ED251AC4ED240ABDEC048B70BDC8
:10F2300084000024DA0FC93F10B504462DED028B7F
:10F2400094ED0C0AD4ED160A30EE600AF1F7F2FCE8
:10F25000D4ED010A20EE208A94ED170AD4ED150AA8
:10F2600030EE600AF1F7E6FC28EE008A94ED160A0B
:10F27000D4ED150A30EE600AF1F7DCFCC8EE000AA6
:10F28000C4ED190A94ED0C0AD4ED160A30EE600AAA
:10F29000F1F76CF9D4ED010A20EE208A94ED170AFB
:10F2A000D4ED150A30EE600AF1F7C4FC28EE008AAE
:10F2B00094ED160AD4ED150A30EE600AF1F7BAFCA7
:10F2C000D4ED0B0A20EE200AC8EE000AC4ED1A0A9B
:10F2D00094ED0C0AD4ED150A30EE600AF1F7AAFCA1
:10F2E000D4ED040A20EE208A94ED160AD4ED180A13
:10F2F00030EE600AF1F79EFC28EE008A94ED160AC3
:10F30000D4ED150A30EE600AF1F794FCC8EE000A5D
:10F31000C4ED1B0A94ED0C0AD4ED150A30EE600A18
:10F32000F1F724F9D4ED040A20EE208A94ED160AB0
:10F33000D4ED180A30EE600AF1F77CFC28EE008A62
:10F3400094ED160AD4ED150A30EE600AF1F772FC5E
:10F35000D4ED0B0A20EE200A88EE001A84ED1C1A68
:10F36000D4ED190A94ED1F0A94ED1A2A60EE801A62
:10F37000D4ED200A42EE201AC4ED1D1AD4ED1B1A5A
:10F3800021EE800A01EE200A84ED1E0ABDEC028BFC
:10F3900010BD00009FED080A80ED000A9FED070AEE
:10F3A00080ED010ADFED060AC0ED020AC0ED030A96
:10F3B00080ED040A704700005839B43D3199AA3DE8
:10F3C0000AD7233E70B5124C05466060A16000204C
:10F3D00020703F210F48F1F74FF82868C06A401CA1
:10F3E00020614FF4AF7140F2E2424143B1FBF2F1D0
:10F3F00061614FF461735843B0FBF2F0A06109B949
:10F4000001216161002801D10220A06170BD0000CE
:10F410001C030024C88D002400F002F8FCE7000063
:10F420002C4D4FF4E1742C4E2C4FDFF8B48046E0A5
:10F430002C6004212B48F9F793FE642001F0A4FD11
:10F4400028480421F9F72AFF642001F09DFD254892
:10F450000421F9F785FE642001F096FD214804217E
:10F46000F9F71CFF388838BB2C6004211D48F9F7D8
:10F4700077FE322001F088FD1A480421F9F70EFFCB
:10F48000322001F081FD17480421F9F769FE32208E
:10F4900001F07AFD13480421F9F700FF322001F052
:10F4A00073FD10480421F9F75BFE322001F06CFD7A
:10F4B0000C480421F9F7F2FE706801F065FD98ED43
:10F4C000560AD6ED000AB4EEE00AF1EE10FAC9D2FF
:10F4D000AEE7000038180040CC020024808C0024E5
:10F4E00074870024240900244100080218BF042066
:10F4F0000A0E18BF40F001004FF07F4232EA0101CE
:10F5000008BF40F00200012808BF05207047090726
:10F51000090E002804DB00F1E02080F80014704799
:10F5200000F00F0000F1E02080F8141D704700008B
:10F5300010B54FF00E402DED028BB0EE408A18EE64
:10F54000104A00EB4400B0F1506F4AD84FF0FC4035
:10F55000B0EB440F22D2B0EEC80ADFED360A30EE2F
:10F56000C00ADFED350A60EE208A18EE900A02F03C
:10F570002BF801EE100A14F0004F1DBFDFED2F0A2B
:10F580009FED2F0AB1EE411ADFED2E0A08BF9FED65
:10F590002E0ADFED2E1A21EE218A05E0DFED2C0A7E
:10F5A00068EE088AB0EE600A9FED2A1ADFED2A1A8B
:10F5B00030EE080A48EE811A9FED281A08EEA11ACB
:10F5C000DFED271A48EE811A9FED261A08EEA11AE0
:10F5D00068EE281ABDEC028B01EE810A30EE200A9B
:10F5E00010BD4FF0E440B0EB440F0CD918EE100AF8
:10F5F000FFF77AFF042808BF00F0EEF9B0EE480AE2
:10F60000BDEC028B10BD4FF07F40B0EB440F07D232
:10F61000B0EE480ABDEC028BBDE8104000F0CEB958
:10F62000012000F0F1F9BDEC028BBDE8104000F0C4
:10F63000CBB900000000803F0000003F0000C9BFC0
:10F6400022AAFDB90000C93F22AAFD39000000C06E
:10F650000000000024FE1C3DC78AD83C1E67383DD0
:10F660001B93993DAFAA2A3E70B54FF068422DED2D
:10F67000048BF0EE408A18EE900AB0EE608A18EE25
:10F68000101A02EB4003B3F1654F3CBF02EB41029D
:10F69000B2F1654F7DD200BFC0F3C753C1F3C7526B
:10F6A0009A1A1B2A09DD10F0004F14BF9FED830A40
:10F6B0009FED830ABDEC048B70BD12F11A0F36DA90
:10F6C00011F0004F09D010F0004F0CBF9FED7D0AE4
:10F6D0009FED7D0ABDEC048B70BD88EE889A19EE13
:10F6E000100AFFF701FF042808BF00F075F918EEB3
:10F6F000900AFFF7F9FE054618EE100AFFF7F4FE30
:10F70000044619EE100AFFF7EFFE042D18BF052D71
:10F7100008D1042C18BF052C04D1002804BF0220F6
:10F7200000F072F9B0EE490ABDEC048B70BD4200E6
:10F73000B2EB410F3AD910F0004F19BFDFED630A69
:10F740009FED630ADFED630A9FED630AB0EE481A8E
:10F750000A46B1EE688A80F00041F0EE418A104618
:10F760000A1A5200B2F1807F34D2484010F0004FA4
:10F77000DFED5A1A9FED5A2A1DBF9FED5A1A70EEFF
:10F78000E10A30EE420A9FED581A08BF70EEA10A56
:10F7900000E040E008BF30EE020AB0EE682A01EE59
:10F7A000482A08EE818AC2EE081A15E011F0004FCF
:10F7B00004BF9FED4E0AF0EE400AD1D010F0004F8A
:10F7C00019BFDFED4B0A9FED4B0ADFED4B0A9FEDB2
:10F7D0004B0AC5E7C8EE881A21EEA11A9FED482A08
:10F7E000DFED482A41EE022A9FED472A01EE222A48
:10F7F000DFED462A41EE022A9FED452ABDEC048B3F
:10F8000001EE222A21EE811A01EE020A30EE210ACF
:10F8100030EE200A70BD4FF07F42B2EB400F28BFA0
:10F82000B2EB410F09D2F0EE480AB0EE680ABDEC27
:10F83000048BBDE8704000F0C4B840EA01035B00EF
:10F8400008BF41F0FF410BD0B2EB400F08BFB2EB55
:10F85000410F08D120F0804008EE900A21F080414D
:10F8600008EE101A18E7B2EB400F12BF5FEA41032F
:10F8700040F0FF4001F000413FF40EAFB2EB410F0A
:10F8800012BF5FEA400200F0004041F0FF413FF448
:10F8900003AF4A0092EA40033FF5FEAE002AACBF38
:10F8A0009FED1C0A9FED1C0A68EE808A28EE008AF4
:10F8B00018EE900A18EE101AEEE60000DB0FC9BF32
:10F8C000DB0FC93FDB0F4940DB0F49C00000C9BF58
:10F8D00022AAFDB90000C93F22AAFD390060ED3E11
:10F8E000C30ACE37000000BF0000003F0000000048
:10F8F000000049C022AA7DBA0000494022AA7D3AF0
:10F900002DAD65BD8FB8D53D0FB511BE61C84C3E5C
:10F91000A8AAAABE0000804F0000802F00B52DEDE0
:10F92000028BB1EEC08B83B018EE100A18EE901A5D
:10F930008DED008B002818BF0120084320F0004007
:10F94000C0F17F6000F1E040C00F14D010EE101A3B
:10F9500010EE900A8DED000B002918BF012108431D
:10F9600020F00040C0F17F6000F1E040C00F04BF14
:10F97000012000F049F8B0EE480B03B0BDEC028B5B
:10F9800000BD10B52DED028BB1EEC08A18EE100A45
:10F9900020F00040C0F1FF40C00F0AD010EE100A66
:10F9A00020F00040C0F1FF40C00F04BF012000F074
:10F9B0002BF8B0EE480ABDEC028B10BD30EE000A09
:10F9C000704730EE200A7047DFED020A80EEA00A91
:10F9D00070470000000000009FED020A20EE000AC0
:10F9E000704700000000001002E008C8121F08C1A4
:10F9F000002AFAD170477047002001E001C1121FB0
:10FA0000002AFBD1704700000149086070470000E0
:10FA100048040024FEB507460020002A02D00A232D
:10FA20006C460EE009B1302038700120FEBDB2FBFB
:10FA3000F3F503FB152605463036401C6655B2FB30
:10FA4000F3F20AB10C28F2DB884200D90846002103
:10FA500005E0421A224412F8012C7A54491C8142D2
:10FA6000F7DBFEBD70B5F1F7A3FA8020F1F740FC9B
:10FA70005520F1F73DFC5520F1F73AFC424C20703F
:10FA8000F1F78EFA0120F4F74DFFF1F791FA80209B
:10FA9000F1F72EFC5520F1F72BFC5520F1F728FC4F
:10FAA0002070F1F77DFA0120F4F73CFFF1F780FABE
:10FAB000B6217E20F1F72EFCF1F772FA5020F4F710
:10FAC00031FFF1F775FA8020F1F712FC5520F1F7BC
:10FAD0000FFC5520F1F70CFC2070F1F761FA0120C2
:10FAE000F4F720FFF1F764FA8020F1F701FC5520CC
:10FAF000F1F7FEFB5520F1F7FBFB2070F1F750FA10
:10FB00000120F4F70FFF20781E2801D0FF2070BDE0
:10FB1000002060701C4D2435F1F74AFA607800EB44
:10FB200040004119285C4978F1F7F4FBF1F738FA05
:10FB30000120F4F7F7FEF1F73BFA607800EB4000A4
:10FB4000285C40F08000F1F7D3FB5520F1F7D0FBA3
:10FB50005520F1F7CDFB2070F1F722FA0120F4F7E0
:10FB6000E1FE6078237800EB400129444A789A420C
:10FB700003D08978A2781143A170401CC0B2607094
:10FB80000628C9D3002070BD3800002470B5F1F7F5
:10FB90001FFA3C490020F1F79FFBF1F711FA012011
:10FBA000F4F7C0FEF1F714FA36490020F1F794FBA0
:10FBB000F1F706FA0120F4F7B5FEF1F709FAB621DC
:10FBC0001420F1F7A7FBF1F7FBF95020F4F7AAFE98
:10FBD000F1F7FEF92B490020F1F77EFBF1F7F0F980
:10FBE0000120F4F79FFEF1F7F3F926490020F1F721
:10FBF00073FBF1F7E5F90120F4F794FE214C20782E
:10FC00000F2801D0FF2070BD002060701D4D3635DB
:10FC1000F1F7DEF9607800EB40004119285C497883
:10FC2000F1F778FBF1F7CCF90120F4F77BFEF1F75F
:10FC3000CFF96078134900EB4000285CF1F74CFBEA
:10FC4000F1F7BEF90120F4F76DFE6078227800EB41
:10FC500040012944497891420BD0401EC0B26070E7
:10FC6000084900EB400024310844A178807808431B
:10FC7000A0706078401CC0B260700628C8D3002015
:10FC800070BD00003800002400B589B0009100214B
:10FC900001910291082B02D81B04039323E00C2B43
:10FCA0000AD0102B0CD0142B0ED0182B10D0302BC8
:10FCB00012D0402B14D016E04FF41023039312E01F
:10FCC0004FF4202303930EE04FF4302303930AE014
:10FCD0004FF44023039306E04FF46023039302E0C4
:10FCE0004FF47023039304910591069107910891B5
:10FCF0006946F4F76BFE09B0002000BD2DE9F05F06
:10FD000004460D4692461E462DED048BF0EE080A81
:10FD1000DFF8A88398ED010AB8EE400A60EE200AE9
:10FD20009FEDE71A5146284680EE810AFEF7ECFF68
:10FD30000027DFF8909395ED0B0A09EB0710FAF70F
:10FD40005DFC06EB870080ED000A7F1C0C2FF2DBC8
:10FD500096ED000AD5ED220A95ED231A20EE200A31
:10FD6000D6ED010A00EE810AD4ED590A94ED631A2A
:10FD700070EEC11AD6ED020A94ED621A00EEA10AE5
:10FD8000D4ED580A9FEDD09A94ED662AD6ED042A58
:10FD900010EE891AD6ED030A00EE810ADFEDCB0AD8
:10FDA00032EE602AD6ED050A02EE820AD4ED672A09
:10FDB00000EEA20A84ED480A95ED220AD4ED5F0A0E
:10FDC00095ED233A30EE200AD6ED060A20EE200A01
:10FDD000D6ED070A00EE830AD6ED080A00EEA10A66
:10FDE000D6ED090A00EE810AD6ED0A0A00EE820A73
:10FDF000D6ED0B0A00EEA20A85ED200AD4ED6D0ABD
:10FE000030EE200A85ED200A94ED480AD4ED6B0A05
:10FE100030EE600A84ED480AF0EE000AB8EE000AFF
:10FE200004F5907001F09EF894F8BA014FF0000BC1
:10FE3000DFF89C929FEDA78A012823D0022821D0C9
:10FE400003281FD095ED220AF0F790FBD9ED000AA8
:10FE50000E98C0EE808AD4ED600A95ED0B0AFBF790
:10FE6000E1F838EE800A85ED1F0A5146284600F079
:10FE70000BFD88F8000094F8BC1100297ED0012900
:10FE80007DD0E3E0944F0128F7EE008A33D00228BA
:10FE900060D00328E9D195ED0B0A9FED909A0E985A
:10FEA000F0EE490AFBF7BEF885ED1F0A84ED5F8A84
:10FEB00084ED638A84ED598A8949E86A884205DAC3
:10FEC00098ED020A30EE280A88ED020A8548D8F833
:10FED00008108142C9DB39688142C6DB88ED028A9D
:10FEE00087ED008A84ED609A84ED619A84F8BAB156
:10FEF00084F8B9B1B9E795ED220AF0F737FBD9EDEF
:10FF0000000A80EE809A95ED0B0ADFED770A0E98D5
:10FF1000FBF788F839EE000A85ED1F0A7349E86A95
:10FF2000884205DA98ED020A30EE280A88ED020AC6
:10FF30006F48D8F80810814297DB3968814294DB1A
:10FF400088ED028A87ED008A022084F8BA0184F8DD
:10FF5000B9018AE795ED220AF0F708FBD9ED000A0E
:10FF60000E98C0EE809A95ED0B0AF0EE490AFBF769
:10FF700059F839EE800A85ED1F0A01E01DE061E0C5
:10FF80005C49E86A884205DD98ED020A30EE280AED
:10FF900088ED020AD8F808004FF080418842A9DBBA
:10FFA00038688842A6DB88ED028A87ED008A032044
:10FFB00084F8BA0184F8B90157E74F490978012953
:10FFC00010D101280ED195F8AD0058B994F8BA01B6
:10FFD000012807D094F8B911012903D0022801D0D3
:10FFE000022909D194F8BA01032805D085F8ADB0EB
:10FFF00094F8BA01E8B129E084ED488A96ED060A42
:020000040801F1
:10000000D5ED220A95ED231A20EE200AD6ED070A37
:1000100000EE810A85ED200A84ED638A84ED598A19
:1000200095ED200AD4ED6D0A30EE200A85ED200A08
:100030000CE095ED1F0AD4ED6C0A30EE600A85EDF8
:100040001F0A03E085ED208A85ED1F8ADFED2B0A6C
:100050009FED2B0A05F17C0000F084FF2846FFF796
:10006000EBF894F8BA1105F178007435012914D031
:10007000022912D0032910D0F0EE080AB8EE080ABF
:1000800000F070FFBDEC048B2846F0EE080ABDE8D6
:10009000F05FB8EE080A00F065BFF1EE080AB9EEAD
:1000A000080A00F05FFFBDEC048B2846F1EE080A59
:1000B000BDE8F05FB9EE080A00F054BF2401002447
:1000C00000007A44A0010024CDCCCC3E0AD723BD49
:1000D00068010024000000006C010024CDCCCC3D60
:1000E0009A99193E000040400AD7A33DCDCCCC3DA3
:1000F00000002041EC51383E600100240000C8425D
:100100000000C8C2D0ED230A9FED0C0A70EE800AF1
:10011000C1ED170AD0ED310A30EE800A81ED180AE0
:1001200092ED1D0AB1EE400A80ED660A92ED050AD5
:10013000B1EE400A80ED670A70470000DA0FC93F50
:100140002DE9F05F04460D4691461E462DED048BC9
:10015000DDF838A0DFF80884F0EE080A98ED010A0F
:10016000B8EE400A60EE200A9FEDFE1A4946284686
:1001700080EE810AFEF716FF002708F1400B95ED8F
:100180000B0A0BEB0710FAF739FA06EB870080ED44
:10019000000A7F1C0C2FF2DB94ED5B0AD4ED690A98
:1001A000F14830EE600AD0ED010A90ED031A20EE1E
:1001B000200AD9ED060A01EE600A84ED6B0A94ED7F
:1001C0005C0AD4ED680A483099ED041A30EE600AF2
:1001D000D0ED010A20EE200AD0ED030A00EEC10A9C
:1001E00084ED6C0AD0ED040A04F5D870B1EE600A13
:1001F00000F0B8FE94ED6A0A9FEDDC8ADA484838D0
:10020000F0EE480AFAF70EFF84ED6D0A96ED000A4B
:10021000D5ED220A95ED231A20EE200AD6ED010A2B
:1002200000EE810AD4ED630A94ED591A70EEC11AFA
:10023000D6ED020A94ED581A00EEA10AD4ED620A36
:100240009FEDCB9A94ED642A41EE490A96ED031A8C
:1002500001EE200A9FEDC71AD6ED052A32EE411AAB
:1002600094ED5E2A31EE422A96ED041A01EE020A5E
:1002700094ED651A02EE810A84ED390A96ED060ABC
:10028000D5ED222A95ED233A20EE220AD6ED072A53
:1002900002EE830AD6ED082A02EEA10AD6ED091A6B
:1002A00001EEA00AD6ED0A0A00EE820AD6ED0B0A8C
:1002B00000EE810A85ED200AD4ED6D0A30EE200AA9
:1002C00085ED200A94ED390AD4ED6B0A30EE600A10
:1002D00084ED390AF0EE000AB8EE000A04F1E400F9
:1002E00000F040FE94F8B9014FF0000B012823D034
:1002F000022821D003281FD095ED220AF0F736F905
:10030000D8ED020A5046C0EE808AD4ED600A95ED21
:100310000B0AFAF787FE38EE800A85ED1F0A494678
:10032000284600F033FB88F8000094F8BC1100293F
:100330007ED001297DD0E3E08F4F0128F7EE008ABF
:1003400033D0022860D00328E9D195ED0B0A9FED48
:100350008B9A5046F0EE490AFAF764FE85ED1F0AC3
:1003600084ED5F8A84ED638A84ED598A8449E86A62
:10037000884205DA98ED030A30EE280A88ED030A70
:100380008048D8F80C108142C9DB39688142C6DB4D
:1003900088ED038A87ED008A84ED609A84ED619A86
:1003A00084F8B9B184F8BAB1B9E795ED220AF0F74B
:1003B000DDF8D8ED020A80EE809A95ED0B0ADFEDAC
:1003C000720A5046FAF72EFE39EE000A85ED1F0A32
:1003D0006E49E86A884205DA98ED030A30EE280A89
:1003E00088ED030A6A48D8F80C10814297DB396817
:1003F000814294DB88ED038A87ED008A022084F82D
:10040000B90184F8BA018AE795ED220AF0F7AEF84F
:10041000D8ED020A5046C0EE809A95ED0B0AF0EE38
:10042000490AFAF7FFFD39EE800A85ED1F0A01E05F
:100430001DE061E05749E86A884205DD98ED030A4E
:1004400030EE280A88ED030AD8F80C004FF08041FE
:100450008842A9DB38688842A6DB88ED038A87EDED
:10046000008A032084F8B90184F8BA0157E701280B
:1004700012D14948007801280ED195F8AD0058B93D
:1004800094F8B901012807D094F8BA11012903D0D2
:10049000022801D0022909D194F8B901032805D016
:1004A00085F8ADB094F8B901E8B129E084ED398A56
:1004B00096ED060AD5ED220A95ED231A20EE200AC4
:1004C000D6ED070A00EE810A85ED200A84ED638AE5
:1004D00084ED598A95ED200AD4ED6D0A30EE200A9C
:1004E00085ED200A0CE095ED1F0AD4ED6C0A30EE84
:1004F000200A85ED1F0A03E085ED208A85ED1F8A1D
:10050000DFED260A9FED260A05F17C0000F02AFDAA
:100510002846FEF791FE94F8B91105F1780074357C
:10052000012914D0022912D0032910D0F0EE080AB4
:10053000B8EE080A00F016FDBDEC048B2846F0EE7C
:10054000080ABDE8F05FB8EE080A00F00BBDF1EE56
:10055000080AB9EE080A00F005FDF1EE080A21E0EC
:100560006001002400007A44C489002400000000D7
:10057000CDCCCC3E0AD7233D2C010024CDCCCC3DA4
:100580009A99193E000040400AD7A33DCDCCCC3DFE
:1005900000002041EC51383E240100240000C842F4
:1005A0000000C8C2BDEC048B2846B9EE080ABDE8BD
:1005B000F05F00F0D7BC0000D0ED070A9FED180AED
:1005C00070EE800AC1ED170AD0ED150A30EE800AF0
:1005D00081ED180A92ED1D0A80ED640A92ED050A7C
:1005E00080ED650A92ED1F0A80ED690A92ED1C0A02
:1005F00080ED680A91ED220A0A49D1ED220A30EE17
:10060000200AB1EE400A80ED6A0A516F064A914213
:1006100005DA064A914202D2002180F8BC117047E7
:10062000DA0FC93FCC850024910A063F910A06BF24
:1006300010B503460C46B2F5002F43D1207800F0E8
:100640000F00988020780009D8806178A07840EA6F
:1006500001209860E1782279090141EA1211D960FC
:100660002279617902F00F0241EA02211961102119
:10067000F2EE090ABAEE090A00F0C5FF83ED070A97
:10068000D8680C21F3EE0E0ABBEE0E0A00F0BBFF99
:1006900083ED080A18690C21F2EE040ABAEE040A86
:1006A00000F0B1FF83ED090AA07900EE100AB8EE60
:1006B000400A83ED0C0AE07900EE100AB8EE400A19
:1006C00083ED0D0A10BD000010B503460C46B2F5CF
:1006D000002F43D1207800F00F0018812078000906
:1006E00058816178A07840EA0120D860E1782279C9
:1006F000090141EA121119612279617902F00F02B0
:1007000041EA022159611021F2EE090ABAEE090A02
:1007100000F079FF83ED080A18690C21DFED100A5B
:100720009FED100A00F06FFF83ED090A58690C2154
:10073000F2EE040ABAEE040A00F065FF83ED0A0A3D
:10074000A07900EE100AB8EE400A83ED0D0AE079B8
:1007500000EE100AB8EE400A83ED0E0A10BD00004C
:1007600000003442000034C21CB5114489B2FF229B
:100770008DF800208DF801208DF802208DF80320DF
:100780008DF804208DF805208DF80620FC228DF8C8
:10079000072008236A46FFF777FA1CBD31EE601A7E
:1007A000012170EE600A8140491E00EE101AB8EE79
:1007B000C00A20EE800AC0EE010ABDEEE00A10EE8B
:1007C000100A70472DE9F04106460C46002C0FD068
:1007D0000025B5EEC00AF1EE10FA0BD22D203070D4
:1007E0000125B1EE400A012C04D82846BDE8F0816D
:1007F0000020FBE79FED231AF6EE000A40EE010A07
:10080000BDEEE00A10EE100A4FF47A7190FBF1F29F
:1008100090FBF1F301FB1307AC4201D9611B00E02F
:1008200000217019FFF7F6F84119A14201D30846DB
:10083000DCE72E22481C7254A042D7D26421B7FBB9
:10084000F1F10A22B1FBF2F302FB13133033411C26
:100850003354A14201D30846C8E7B7FBF2F0B0FB1E
:10086000F2F302FB13033033481C7354A042BDD291
:10087000B7FBF2F102FB11723032411C32540846D0
:10088000B4E7000000007A4470B504460D462DED33
:10089000028B94ED220AF0F7CDF9D4ED200A20EE78
:1008A000200AD4ED0B0A80EE208A94ED220AEFF79D
:1008B0005DFED4ED1F0A00EE808A94ED220AEFF768
:1008C00055FED5ED0F8AD4ED270A40EEC08A94ED8F
:1008D000220AF0F7AFF9D4ED260AB0EE001A60EE66
:1008E000810A94ED231A60EE810A40EE808A94ED2D
:1008F000220AF0F79FF9D4ED0B0A94ED251A60EE69
:10090000810A40EE808A94ED220AEFF72FFE94EDE3
:100910000B1AD4ED230A21EE201A61EE200A40EED4
:10092000808A9FED160A08EE808A84ED2A8A144890
:1009300090ED010A80ED000AD0ED020AC0ED010A37
:1009400090ED031A80ED021A80ED038AF5EE001A8D
:100950000C4820EE210A00EEA10A01EE210A08EE61
:10096000210A80ED010A10EE100A0749884203DAD5
:100970000120BDEC028B70BD0020FAE79A99193F67
:100980009C0B0024840000240000404070B5044605
:100990000D462DED028B94ED220AF0F74BF9D4EDC4
:1009A000200A20EE200AD4ED0B0A80EE208A94ED76
:1009B000220AEFF7DBFDD4ED1F0A00EE808A94EDEA
:1009C000220AEFF7D3FDD5ED0F8AD4ED270A40EECA
:1009D000C08A94ED220AF0F72DF9D4ED260AB0EE84
:1009E000001A60EE810A94ED231A60EE810A40EE4F
:1009F000808A94ED220AF0F71DF9D4ED0B0A94EDEC
:100A0000251A60EE810A40EE808A94ED220AEFF703
:100A1000ADFD94ED0B1AD4ED230A21EE201A61EE00
:100A2000200A40EE808A9FED160A08EE808A84ED47
:100A30002A8A144890ED010A80ED000AD0ED020ADE
:100A4000C0ED010A90ED031A80ED021A80ED038AD1
:100A5000F5EE001A0C4820EE210A00EEA10A01EE84
:100A6000210A08EE210A80ED000A10EE100A07495B
:100A7000884203DA0120BDEC028B70BD0020FAE74A
:100A80009A99193F8C0B00248400002400004040F8
:100A9000028081807047000080ED000AC0ED010AED
:100AA00080ED021AB7EE000A80ED0C0A0449416796
:100AB000044981670449C1670449C0F88010704740
:100AC000D10A0108230B0108ED0A0108D5B8000876
:100AD00001B52DED060B9DE80E00C0E90423C160B1
:100AE00003A918300EC90EC007B000BD10B50446EA
:100AF00094ED160AFEF71CFDB1EE400A84ED190ACA
:100B0000D4ED180A94ED170AFEF7AEFD84ED1A0A2B
:100B1000D4ED100A94ED130AFEF7A6FD84ED1B0A2E
:100B200010BD10B5044694ED060A60EE000A94ED7F
:100B3000070A40EE000A94ED080A40EE000AB7EEFC
:100B4000E00AFEF7EBFEB7EEC00BD4ED060AC0EEEE
:100B5000801AC4ED061AD4ED070A80EE802A84EDCF
:100B6000072AD4ED080A80EE801A84ED081A94ED65
:100B7000183A94ED170A62EE030A41EE400AD4EDEA
:100B8000162A21EE221A01EEC31A61EE801A42EEF5
:100B9000621A94ED012AD4ED093A94ED020A62EE4C
:100BA000202A42EE803AC4ED093A62EE012A94ED21
:100BB0000A3A02EE803A84ED0A3A22EE212AD4ED76
:100BC0000B2A42EE002AC4ED0B2A94ED002A42EED5
:100BD000203AD4ED030A73EEA00AC4ED030A02EE34
:100BE000013A94ED041A33EE011A84ED041A42EE30
:100BF000212AD4ED051A72EEA11AC4ED051AD4ED1E
:100C00000C3A94ED0D2AD4ED0E2A94ED0F3AB6EE7F
:100C1000004A20EE040AB1EE424AB0EE635A20EEDA
:100C2000844A02EEC14A03EE614A04EE005A84EDA2
:100C30000C5A60EEA34AB0EE424A42EEA14A43EE9D
:100C4000414A04EE804A84ED0D4A61EE235AF0EEEB
:100C5000624A42EE615A43EE205A45EE804AC4EDA4
:100C60000E4A61EEA31A42EE011A42EEE01A01EEBC
:100C7000803A84ED0F3A25EE050A04EE040A04EEEC
:100C8000A40A03EE030AB7EEC00AFEF747FEB7EE6A
:100C9000C00BD4ED0C0A80EE801A84ED0C1AD4ED52
:100CA0000D0A80EE801A84ED0D1AD4ED0E0A80EE46
:100CB000801A84ED0E1AD4ED0F0A80EE801A84EDAE
:100CC0000F1AD4F880102046BDE8104008470000F5
:100CD000F4F7F2FCFAF716FFFAF7B0FAF9F72AFE82
:100CE000F9F7FEFCF9F7A0FEF9F730FDF9F760FD22
:100CF000F9F770FFF9F792FDF9F7A6FFF9F796FCFF
:100D0000F9F7C2FEF9F7FCFE4FF4F070F1F714FBAF
:100D100012480021F0F778FA0028F9D1104C01228E
:100D200051032046F4F7B2FC012220469103F4F768
:100D3000ADFCF1F7E5FBF1F719FC0A48002140F2A0
:100D4000FF72F1F77FFD084902220648F2F7FAFA2E
:100D5000F9F79AFD00F020F9FEE7000014070024DF
:100D6000000802584C040024000000240146002022
:100D7000842900D0C81C7047F0B50B30154D20F009
:100D800007010024144A0FE003688B420BD38B4207
:100D900005D95E1A43184768C3E9006700E0436855
:100DA000136002C004E0021D10680028ECD1204648
:100DB000002802D1286808B10020F0BD064A074883
:100DC0001060074A121A22F00702C0E9002401202D
:100DD0002860D7E74404002440040024BCB2002467
:100DE000B8B400242DE9FC41F0EE602AB0EE413A9F
:100DF00007460E461020B2EE091AFAEE090AFFF76E
:100E0000CDFC02460C20B3EE0E1AFBEE0E0AB0EE3D
:100E1000620AFFF7C3FC0346DFED202A0C209FED9A
:100E20001E1AF0EE620AB0EE430AFFF7B7FC044662
:100E30000C20B1EE041AF0EE620AB0EE610AFFF780
:100E4000ADFC05460C20B2EE041AFAEE040AB0EE30
:100E5000420AFFF7A3FC110A8DF800108DF801205B
:100E600019098DF80210190141EA14218DF80310B7
:100E70008DF8044029098DF80510290141EA102157
:100E80008DF806108DF8070008236A46314638466B
:100E9000FEF7FAFEBDE8FC810000FA430000000006
:100EA0002DE9FC41F0EE602AB0EE413A07460E46CD
:100EB0001020B2EE091AFAEE090AFFF76FFC02469B
:100EC0000C209FED241ADFED240AB0EE620AFFF732
:100ED00065FC0346DFED222A0C209FED201AF0EE80
:100EE000620AB0EE430AFFF759FC04460C20B1EE4B
:100EF000041AF0EE620AB0EE610AFFF74FFC0546F5
:100F00000C20B2EE041AFAEE040AB0EE420AFFF721
:100F100045FC110A8DF800108DF8012019098DF893
:100F20000210190141EA14218DF803108DF80440D4
:100F300029098DF80510290141EA10218DF80610C4
:100F40008DF8070008236A4631463846FEF79CFEB6
:100F5000BDE8FC8100003442000034C20000FA43C6
:100F60000000000090ED001AB4EEC01AF1EE10FA85
:100F700002D280ED000A7047B4EEE01AF1EE10FAEA
:100F8000F9DDC0ED000A704710B5002800D101203E
:100F900000F00CFC002010BD10B500F02FFC00206C
:100FA00010BD3EB504460D46B4F90800FFF7DEFE5D
:100FB00002A92B46CDE90001208A82B2D4E90010B3
:100FC00000F006FD012801D000203EBD02983EBD84
:100FD0002DE9F04104460F46174EF5683068001DB4
:100FE00000F025FB38B9306890F82C1001208840BB
:100FF000316981433161601C07D137B13168BDE887
:10100000F0410E48091D00F04BBB2C443068446091
:10101000AC4206D23168B06B091DBDE8F04100F06A
:1010200027BB3168706B091D00F022FBB06A844257
:1010300000D2B462BDE8F081A0000024880C002436
:1010400070B5044600F038FB1C4DA868401CA86031
:10105000286810B1686938B10CE02C60A8680128D4
:1010600008D100F0DDF805E02868E16AC06A88422E
:1010700000D82C60686A401C6862E06A01212A6915
:101080008140114329610E4900EB800001EB800093
:10109000211D00F005FB00F02FFB686900280CD033
:1010A0002868E16AC06A884207D206494FF080503A
:1010B0000860BFF34F8FBFF36F8F70BDA000002497
:1010C000AC0B002404ED00E070B50C4D0C4E11E0AB
:1010D00000F0F2FAF068C468201D00F0A8FAA868D1
:1010E000401EA8606868401E686000F005FB20464E
:1010F00000F008F868680028EAD170BDA00000245C
:10110000740C002410B50446206B00F00BFB204645
:10111000BDE8104000F006BB4FF4F0410F48420715
:1011200006D0C01D20F007000C49411AC1F5F0415E
:101130000B4A1060002353600144083921F0070175
:10114000183A11604B600B600B1A436001604068F5
:10115000906050604FF00040506170479C0C00243C
:10116000F4000024074E4FF08054074DFFF7ACFF0A
:1011700030680128FAD92C60BFF34F8FBFF36F8F0F
:10118000F4E70000AC0B002404ED00E02DE9F0478B
:1011900082469946DDE908580A9C521E206B00EBF6
:1011A000820020F00706700707D0502080F31188D6
:1011B000BFF34F8FBFF36F8FFEE7002761B10020B1
:1011C00023180A5C83F834200A5C12B1401C1028F2
:1011D000F6D384F8437001E084F83470072D00D30F
:1011E0000625E5626564A764201D00F03EFA04F15F
:1011F000180000F03AFA2461C5F10700A0616462AA
:10120000E76484F850704A465146304600F0F4F8DE
:101210002060B8F1000F01D0C8F80040BDE8F087A9
:1012200070B50024124D04EB840005EB800000F043
:1012300011FA641C072CF6D30D488C3000F00AFA22
:101240000B48A03000F006FA0948B43000F002FA6A
:101250000748C83000F0FEF90548DC3000F0FAF924
:10126000044803498C3141631431816370BD00002F
:10127000AC0B0024A000002430B5134900E0114657
:101280000A688242FBD34B685C18844203D14068F1
:101290001844486008460D6844682318AB420DD1D5
:1012A000094B183B1B689A4206D0526822444260A0
:1012B0000A681268026002E0036000E00260814296
:1012C00000D0086030BD0000F40000240748416BE6
:1012D0000968002905D0416BC968C96849688162FD
:1012E00070474FF0FF31816270470000A00000247A
:1012F00009484068401C07D0502080F31188BFF394
:101300004F8FBFF36F8FFEE7502080F31188BFF33C
:101310004F8FBFF36F8FFEE7FC0000242DE9F041F3
:101320000546002600F09EFA324F386808B9FFF7EC
:10133000F3FE786905424DD18DB1083568070ED0AE
:1013400005F00700C0F108000544680707D05020E9
:1013500080F31188BFF34F8FBFF36F8FFEE7CDB3DC
:101360007868854236D8234918310846046801E078
:10137000214604466068A84202D220680028F7D1BE
:101380003868844226D00E68083620680860606895
:10139000411B10290ED96019420707D0502080F355
:1013A0001188BFF34F8FBFF36F8FFEE74160656019
:1013B000FFF762FF61687868401A7860BA68904207
:1013C00000D2B86078690143616000202060F8684D
:1013D000401CF86000F094FB700707D0502080F3A9
:1013E0001188BFF34F8FBFF36F8FFEE73046BDE824
:1013F000F0810000DC00002424384FF08073036289
:1014000021F00101C1610449816142606FF0020174
:1014100040F8201970470000F11201082DE9F05F33
:10142000044608780F287DD1087E00287AD1CA7D2D
:1014300001250C2A77D025808B784A7842EA03224E
:10144000C2F30A0CA4F808C08A78CB78D20842EA22
:101450004312C2F30A076781CA780B79920942EAFC
:1014600083024B7942EA8322C2F30A0BA4F80CB040
:101470004A798B79520842EAC312C2F30A06E6811E
:101480008A79CB79120942EA0312C2F30A02228254
:10149000CB7991F80880DB0943EA480391F8098089
:1014A00043EA4823C3F30A09A4F812904B7A91F84F
:1014B0000A809B0843EA8813C3F30A0AA4F814A01D
:1014C0008B7A91F80B805B0943EAC803E38291F8B9
:1014D0000DE091F80C8048EA0E28C8F30A08A4F839
:1014E000188091F80DE0897B4FEADE0E4EEA41113B
:1014F000C1F30A016183A6F57876E683ABF5787BC4
:10150000A4F81CB0ACF5787CA4F822C0A7F57877D5
:1015100027843B36772E00D2E0830CF13B0CBCF1E4
:10152000770F01E04EE00CE000D260843B37772F6C
:1015300000D220844FF47877B94504DA84F8250086
:1015400003E0208078E784F8255002264FF4147BCE
:101550005A454FF4487C4FF4AE6902DA84F824000F
:101560000AE0A2F5147EE64502D884F8245003E090
:101570004A4501DB84F824605B4502DA84F82700E1
:101580000AE0A3F51472624502D884F8275003E0FC
:101590004B4501DB84F82760BA4502DA84F826005F
:1015A00001E084F8265000EE108AB8EEC00A84EDFF
:1015B0000A0A00EE101AB8EEC00A84ED0B0AF4F71E
:1015C0006DF86060BDE8F09F10B500EE100A2DEDDB
:1015D000028BB1EEC08A18EE100A20F00040C0F174
:1015E000FF40C00F0AD010EE100A20F00040C0F1FA
:1015F000FF40C00F04BF0120FEF706FA18EE100AE4
:10160000BDEC028B10BD70EEC00A01EE100A012085
:10161000B8EEC11A8840401E21EE201A00EE900A52
:10162000F8EEE01AC1EE210A30EE800A7047016937
:10163000D0E901329A60D0E901235A604A688242B7
:1016400001D182684A60002202610868401E086079
:101650000868704700F1080141604FF0FF32826076
:10166000C160016100210160704700210161704784
:1016700030B50C68621C02D000F1080202E0026979
:1016800004E01A4653681D68A542FAD953684B60B6
:1016900099608A60516008610168491C016030BD31
:1016A00042684A6093688B609368596091600861F2
:1016B0000168491C01607047502080F31188BFF316
:1016C0004F8FBFF36F8F0A494868401C486001285C
:1016D0000CD10848006810F0FF0F07D0502080F3AD
:1016E0001188BFF34F8FBFF36F8FFEE77047000085
:1016F000FC00002404ED00E009494868002806D0F9
:10170000401E4860002801D180F3118870475020A6
:1017100080F31188BFF34F8FBFF36F8FFEE7000098
:10172000FC00002470B500282AD008380446154D66
:1017300060686969084207D1502080F31188BFF3BF
:101740004F8FBFF36F8FFEE722683AB1502080F3CE
:101750001188BFF34F8FBFF36F8FFEE78843606040
:1017600000F080F860686968084468602046FFF708
:1017700083FD2869401C2861BDE8704000F0C0B9B5
:1017800070BD0000DC0000244FF0E020002101616A
:1017900081614FF47A7204490968B1FBF2F1491E84
:1017A000416107210161704730000024024610B5F5
:1017B0000020002A12D00F48006B38B1502080F36F
:1017C0001188BFF34F8FBFF36F8FFEE700F04AF829
:1017D00000211046FFF7FCFB00F092F9002807D12A
:1017E00005494FF080500860BFF34F8FBFF36F8FF4
:1017F00010BD0000A000002404ED00E01CB5154859
:1018000000248022234614A1CDE90040144800F0B2
:10181000DFF8012809D0401C1AD1502080F311882C
:10182000BFF34F8FBFF36F8FFEE7502080F3118817
:10183000BFF34F8FBFF36F8F06484FF0FF312C3847
:10184000816201214161C460BDE81C4000F046B8DE
:101850001CBD0000CC00002449444C4500000000A1
:10186000651101080248016B491C016370470000C3
:10187000A0000024154A106B002802D00120D0617E
:1018800070470020D0611069B0FA80F0C0F11F00ED
:101890000F4900EB800051F8203073B101EB80005C
:1018A00041684968416000F10803994201D14968E3
:1018B00041604068C06810607047502080F3118814
:1018C000BFF34F8FBFF36F8FFEE70000A00000242F
:1018D000AC0B002402800181704700001CB5374822
:1018E0000168374A914207D1502080F31188BFF335
:1018F0004F8FBFF36F8FFEE700683149491E884262
:1019000007D1502080F31188BFF34F8FBFF36F8F43
:10191000FEE72C4908780190FF20087008780090B5
:101920009DF800009DF8002000F0F000904207D0E4
:10193000502080F31188BFF34F8FBFF36F8FFEE706
:101940009DF80000204C00F0500020700720A0609F
:1019500006E0A068401EA0609DF8000040000090D6
:101960009DF800000006F4D4A068032807D050209A
:1019700080F31188BFF34F8FBFF36F8FFEE74FF4F3
:101980004070A060019808700C482030016841F454
:1019900070010160016841F070410160FFF7F4FEE1
:1019A00000206060EEF7C2FC0848016841F0404149
:1019B0000160EEF7A7FC00201CBD000000ED00E078
:1019C00071C20F4100E400E0FC00002434EF00E0AD
:1019D0002DE9FF5F81468A4616469B46DDE90E7873
:1019E000B000FFF79BFC054628000AD05420FFF703
:1019F00095FC04460CB1256304E02846FFF792FEEF
:101A000000E000248CB100205B46CDE9007832462E
:101A10005146CDE902404846FFF7B8FB2046FFF7A4
:101A20000FFB012004B0BDE8F09F4FF0FF30F9E755
:101A30002DE9F0410026304F386B002805D0B869F9
:101A4000401CB8613046BDE8F081FD686D1CFD604A
:101A50009DB9786B006838B1502080F31188BFF3CE
:101A60004F8FBFF36F8FFEE7786BB96B7963B86305
:101A7000386A401C3862FFF729FCB86ADFF87C80BE
:101A800085420DD3786B006838B1786BC068C46844
:101A90006068854212D2B86202E04FF0FF30B8624F
:101AA0003868C06A00EB800058F82000012800D98F
:101AB0000126F8690028C5D00126C3E7201DFFF7DD
:101AC000B6FDA06A18B104F11800FFF7B0FDE06A96
:101AD00001213A6981401143396100EB8000211DE9
:101AE00008EB8000FFF7DCFDE06A3968C96A8842CC
:101AF000C8D30126C6E70000A0000024AC0B0024D8
:101B00002DE9F041002400272D4D286B002807D037
:101B1000FFF7D2FD286B401E2863286B40B14AE0D6
:101B2000502080F31188BFF34F8FBFF36F8FFEE714
:101B3000A868E8B3DFF88C8001261EE0D8F80C0016
:101B4000C46804F11800FFF772FD201DFFF76FFD58
:101B5000E06A2A6906FA00F111432961194900EB8C
:101B60008000B43901EB8000211DFFF799FDE06A88
:101B70002968C96A884200D3EE61D8F800000028BD
:101B8000DCD10CB1FFF7A2FBAC6944B1FFF750FF09
:101B900000B1EE61641E002CF8D10020A861E86954
:101BA00030B10127084938070860BFF34F8F00E0C4
:101BB00001E0BFF36F8FFFF79FFD3846BDE8F0816E
:101BC000A0000024600C002404ED00E070B5044681
:101BD0000223204600221946F8F7F8F8134804F5C6
:101BE000807400F12002A1686CCA6CC1D0E90E3685
:101BF0002168D0E90C52C1E90236C1E9005200F176
:101C00004002216A6CCA6CC1616AD0E91535026D67
:101C1000C06D81E82C00C8600549A06991E81C00EE
:101C2000C96880E81C00C16070BD0000600200242B
:101C3000F41D010870B50446144800F14002D4F8C0
:101C400020116CCA6CC1D4F82411D0E91535026D8D
:101C5000C06D81E82C00C8606068C0ED000A606853
:101C600080ED010A2046F8F797FB0021074818305D
:101C7000226802EB810292ED000A00EB810282ED04
:101C8000000A491CC9B20229F2D370BD60020024C7
:101C9000581E0108C7BA0008FDFF00000000000040
:101CA000800000004C1E01083D9B0008030000005E
:101CB00000000000000200003C1E0108851B000817
:101CC0000100000000000000000200002C1E0108BE
:101CD0008D19000801000000000000000002000053
:101CE000101E010811AD00080200000000000000F5
:101CF00000020000041E0108CDB40008010000002D
:101D00000000000080000000201E010819F40008F7
:101D1000FEFF00000000000080000000000610161A
:101D2000000610160001020304050607080C101433
:101D300018203040000000000000000000000000FB
:101D40000000000000000000010000000200000090
:101D50000300000004000000000000000500000077
:101D6000000000000000000000000000060000006D
:101D7000000000000000000000000000070000005C
:101D8000010002000400060008000A000C00100018
:101D90002000400080000001010101030701000054
:101DA000080402040801010100000000010203040C
:101DB00001020304060708090000AF430000000009
:101DC00000803B450000AF430000000000803B4521
:101DD00000000C4300000000000020410000F04122
:101DE000000000000000803F0000204000000000D4
:101DF0009A99993E0000803F00000000000000001A
:101E00000000803F52454D4F54455F5441534B00B5
:101E10004F4253455256455F5441534B000000001A
:101E200057415443485F5441534B0000434841538A
:101E30005349534C5F5441534B00000043484153B6
:101E4000534953525F5441534B000000494E535F76
:101E50005441534B0000000064656661756C745416
:101E600061736B0000000000920E493CB10AC93C4E
:101E70002BC3163D2EFB483D752B7B3D04A9963D9B
:101E800080B6AF3D36BDC83D2FBCE13D73B2FA3DD3
:101E900087CF093E8340163EB5AB223EA2102F3EAF
:101EA000CF6E3B3EC2C5473E0115543E135C603EBB
:101EB0007F9A6C3ECCCF783EC07D823E938E883E2A
:101EC000229A8E3E32A0943E86A09A3EE59AA03E8B
:101ED000128FA63ED47CAC3EEF63B23E2A44B83E9D
:101EE000491DBE3E15EFC33E53B9C93ECA7BCF3E26
:101EF0004136D53E80E8DA3E4F92E03E7533E63E0D
:101F0000BBCBEB3EEA5AF13ECBE0F63E275DFC3E12
:101F1000E4E7003F3D9C033F824B063F9BF5083FB3
:101F20006B9A0B3FDA390E3FCDD3103F2A68133F2F
:101F3000D9F6153FC07F183FC6021B3FD17F1D3F1A
:101F4000CBF61F3F9967223F25D2243F5636273FC5
:101F50001594293F4AEB2B3FDE3B2E3FBB85303F9C
:101F6000C9C8323FF304353F233A373F4268393F0F
:101F70003B8F3B3FF9AE3D3F67C73F3F70D8413F86
:101F800001E2433F03E4453F65DE473F12D1493F4D
:101F9000F8BB4B3F029F4D3F207A4F3F3D4D513F95
:101FA0004918533F31DB543FE595563F5348583F5E
:101FB0006AF2593F1A945B3F532D5D3F05BE5E3F69
:101FC0002146603F97C5613F5A3C633F59AA643F31
:101FD000880F663FD86B673F3CBF683FA7096A3FE1
:101FE0000C4B6B3F5E836C3F93B26D3F9ED86E3F50
:101FF00073F56F3F0809713F5213723F4714733FE7
:10200000DD0B743F0BFA743FC6DE753F07BA763FAF
:10201000C58B773FF853783F9812793F9DC7793F3A
:1020200002737A3FBE147B3FCDAC7B3F283B7C3FA5
:10203000C9BF7C3FAC3A7D3FCCAB7D3F23137E3F95
:10204000B0707E3F6DC47E3F580E7F3F6D4E7F3F28
:10205000AB847F3F0FB17F3F97D37F3F43EC7F3F00
:1020600011FB7F3F0000803F11FB7F3F43EC7F3F30
:1020700097D37F3F0FB17F3FAB847F3F6D4E7F3F54
:10208000580E7F3F6DC47E3FB0707E3F23137E3F6E
:10209000CCAB7D3FAC3A7D3FC9BF7C3F283B7C3F0A
:1020A000CDAC7B3FBE147B3F02737A3F9DC7793F27
:1020B0009812793FF853783FC58B773F07BA763F40
:1020C000C6DE753F0BFA743FDD0B743F4714733F58
:1020D0005213723F0809713F73F56F3F9ED86E3FF0
:1020E00093B26D3F5E836C3F0C4B6B3FA7096A3F19
:1020F0003CBF683FD86B673F880F663F59AA643F73
:102100005A3C633F97C5613F2146603F05BE5E3F35
:10211000532D5D3F1A945B3F6AF2593F5348583F35
:10212000E595563F31DB543F4918533F3D4D513FF4
:10213000207A4F3F029F4D3FF8BB4B3F12D1493FA2
:1021400065DE473F03E4453F01E2433F70D8413F2E
:1021500067C73F3FF9AE3D3F3B8F3B3F4268393F4A
:10216000233A373FF304353FC9C8323FBB85303F80
:10217000DE3B2E3F4AEB2B3F1594293F5636273F37
:1021800025D2243F9967223FCBF61F3FD17F1D3FC9
:10219000C6021B3FC07F183FD9F6153F2A68133F80
:1021A000CDD3103FDA390E3F6B9A0B3F9BF5083FBA
:1021B000824B063F3D9C033FE4E7003F275DFC3E2A
:1021C000CBE0F63EEA5AF13EBBCBEB3E7533E63E42
:1021D0004F92E03E80E8DA3E4136D53ECA7BCF3EA4
:1021E00053B9C93E15EFC33E491DBE3E2A44B83E11
:1021F000EF63B23ED47CAC3E128FA63EE59AA03E81
:1022000086A09A3E32A0943E229A8E3E938E883EBD
:10221000C07D823ECCCF783E7F9A6C3E135C603EA0
:102220000115543EC2C5473ECF6E3B3EA2102F3E25
:10223000B5AB223E8340163E87CF093E73B2FA3DCE
:102240002FBCE13D36BDC83D80B6AF3D04A9963DEB
:10225000752B7B3D2EFB483D2BC3163DB10AC93C77
:10226000920E493C00000000920E49BCB10AC9BC64
:102270002BC316BD2EFB48BD752B7BBD04A996BD97
:1022800080B6AFBD36BDC8BD2FBCE1BD73B2FABDCF
:1022900087CF09BE834016BEB5AB22BEA2102FBEAB
:1022A000CF6E3BBEC2C547BE011554BE135C60BEB7
:1022B0007F9A6CBECCCF78BEC07D82BE938E88BE26
:1022C000229A8EBE32A094BE86A09ABEE59AA0BE87
:1022D000128FA6BED47CACBEEF63B2BE2A44B8BE99
:1022E000491DBEBE15EFC3BE53B9C9BECA7BCFBE22
:1022F0004136D5BE80E8DABE4F92E0BE7533E6BE09
:10230000BBCBEBBEEA5AF1BECBE0F6BE275DFCBE0E
:10231000E4E700BF3D9C03BF824B06BF9BF508BFAF
:102320006B9A0BBFDA390EBFCDD310BF2A6813BF2B
:10233000D9F615BFC07F18BFC6021BBFD17F1DBF16
:10234000CBF61FBF996722BF25D224BF563627BFC1
:10235000159429BF4AEB2BBFDE3B2EBFBB8530BF98
:10236000C9C832BFF30435BF233A37BF426839BF0B
:102370003B8F3BBFF9AE3DBF67C73FBF70D841BF82
:1023800001E243BF03E445BF65DE47BF12D149BF49
:10239000F8BB4BBF029F4DBF207A4FBF3D4D51BF91
:1023A000491853BF31DB54BFE59556BF534858BF5A
:1023B0006AF259BF1A945BBF532D5DBF05BE5EBF65
:1023C000214660BF97C561BF5A3C63BF59AA64BF2D
:1023D000880F66BFD86B67BF3CBF68BFA7096ABFDD
:1023E0000C4B6BBF5E836CBF93B26DBF9ED86EBF4C
:1023F00073F56FBF080971BF521372BF471473BFE3
:10240000DD0B74BF0BFA74BFC6DE75BF07BA76BFAB
:10241000C58B77BFF85378BF981279BF9DC779BF36
:1024200002737ABFBE147BBFCDAC7BBF283B7CBFA1
:10243000C9BF7CBFAC3A7DBFCCAB7DBF23137EBF91
:10244000B0707EBF6DC47EBF580E7FBF6D4E7FBF24
:10245000AB847FBF0FB17FBF97D37FBF43EC7FBFFC
:1024600011FB7FBF000080BF11FB7FBF43EC7FBF2C
:1024700097D37FBF0FB17FBFAB847FBF6D4E7FBF50
:10248000580E7FBF6DC47EBFB0707EBF23137EBF6A
:10249000CCAB7DBFAC3A7DBFC9BF7CBF283B7CBF06
:1024A000CDAC7BBFBE147BBF02737ABF9DC779BF23
:1024B000981279BFF85378BFC58B77BF07BA76BF3C
:1024C000C6DE75BF0BFA74BFDD0B74BF471473BF54
:1024D000521372BF080971BF73F56FBF9ED86EBFEC
:1024E00093B26DBF5E836CBF0C4B6BBFA7096ABF15
:1024F0003CBF68BFD86B67BF880F66BF59AA64BF6F
:102500005A3C63BF97C561BF214660BF05BE5EBF31
:10251000532D5DBF1A945BBF6AF259BF534858BF31
:10252000E59556BF31DB54BF491853BF3D4D51BFF0
:10253000207A4FBF029F4DBFF8BB4BBF12D149BF9E
:1025400065DE47BF03E445BF01E243BF70D841BF2A
:1025500067C73FBFF9AE3DBF3B8F3BBF426839BF46
:10256000233A37BFF30435BFC9C832BFBB8530BF7C
:10257000DE3B2EBF4AEB2BBF159429BF563627BF33
:1025800025D224BF996722BFCBF61FBFD17F1DBFC5
:10259000C6021BBFC07F18BFD9F615BF2A6813BF7C
:1025A000CDD310BFDA390EBF6B9A0BBF9BF508BFB6
:1025B000824B06BF3D9C03BFE4E700BF275DFCBE26
:1025C000CBE0F6BEEA5AF1BEBBCBEBBE7533E6BE3E
:1025D0004F92E0BE80E8DABE4136D5BECA7BCFBEA0
:1025E00053B9C9BE15EFC3BE491DBEBE2A44B8BE0D
:1025F000EF63B2BED47CACBE128FA6BEE59AA0BE7D
:1026000086A09ABE32A094BE229A8EBE938E88BEB9
:10261000C07D82BECCCF78BE7F9A6CBE135C60BE9C
:10262000011554BEC2C547BECF6E3BBEA2102FBE21
:10263000B5AB22BE834016BE87CF09BE73B2FABDCA
:102640002FBCE1BD36BDC8BD80B6AFBD04A996BDE7
:10265000752B7BBD2EFB48BD2BC316BDB10AC9BC73
:10266000920E49BC0000008088260108000000246A
:102670004C04000014050008AC2801084C04002498
:102680006CB80000F8F900080124320182103C9077
:10269000D00304391725701770170009103333EB76
:1026A0003A58A08B3A157D04017C100F0240AB0311
:1026B0004101055308065804070F16081081091137
:1026C000160A15800B1605800C18010D1AAA0101B7
:1026D0001C45C3F51C4119ED5188318CDB54C01EDB
:1026E000A768BE0DE0A5BF5F299BBF1B0D54404BE3
:1026F00059A63ECF6621403F575B3E10E9E73F02B7
:10270000BCCD3F3A9204411904D63E3C3A90480968
:102710002E40109342B055C3A254194379E94BC2DD
:10272000576008BED71292BFF9A09F3F128368C0BE
:102730009C1A683D5D9CA4C22B5847427DAE2AC1BD
:1027400005173BBFEBB38CC2E63F2D42273123C1B7
:10275000089425BFFB5C76C32AE92D4313A13EC232
:102760000B24C4404F1E53C1BE9F2341C5FE4AC027
:102770009626053FCCDDE4421D094FC22C6535404D
:1027800004562640DAAC66415DFE08C105C5CF3F60
:10279000D1CB083E34011AC3BBC7D642DDA4E6C183
:1027A000832F604086E9002F21C3650AB44260652B
:1027B000C2C1713D42400F6710445CC7AFC377EDA3
:1027C0009742A5BD8740E2D83942E62EE8C15D6D4B
:1027D000D1401B627C3D036F803FA69B443B0C496C
:1027E00004891C091010A34843F448430A036AD023
:1027F000071395D41B08D5041AE1041309D51B0847
:1028000045041A650C1AA1044117040309041201B6
:1028100014020202164083044057260201020301FB
:1028200014050F0C1C0107101721031A1A0313219A
:10283000141B081B041A13041A45041A71044114CA
:10284000810182130A06293F1A404F111C090243D5
:102850005B1125C03209041B01020B13052416105D
:10286000010524011809010424020205240670153B
:10287000058203081C10090491320A2E0705010283
:1028800040072A8107111321CD140891CB4C081160
:10289000CF641325CC1408D9CA1B085114C11AA53A
:0C28A000181A69041AE5041A5D04C1004E
:04000005080002CD20
:00000001FF
